"Label (Grouping)","Total","Total!!Less than $10,000","Total!!$10,000 to $14,999","Total!!$15,000 to $24,999","Total!!$25,000 to $34,999","Total!!$35,000 to $49,999","Total!!$50,000 to $74,999","Total!!$75,000 to $99,999","Total!!$100,000 to $149,999","Total!!$150,000 to $199,999","Total!!$200,000 or more","Median income (dollars)","Mean income (dollars)","PERCENT ALLOCATED","PERCENT ALLOCATED!!Household income in the past 12 months","PERCENT ALLOCATED!!Family income in the past 12 months","PERCENT ALLOCATED!!Nonfamily income in the past 12 months"
"Alabama","","","","","","","","","","","","","","","","",""
"    Households","","","","","","","","","","","","","","","","",""
"        Estimate","2,016,448","7.6%","5.2%","9.3%","8.6%","12.0%","16.7%","12.6%","14.9%","6.4%","6.7%","59,674","82,956","","38.9%","(X)","(X)"
"        Margin of Error","±11,475","±0.3","±0.3","±0.3","±0.5","±0.4","±0.5","±0.4","±0.5","±0.3","±0.3","±727","±1,020","","(X)","(X)","(X)"
"    Families","","","","","","","","","","","","","","","","",""
"        Estimate","1,308,988","4.4%","3.0%","6.0%","6.9%","10.7%","17.3%","14.4%","19.4%","8.7%","9.2%","77,668","100,785","","(X)","40.8%","(X)"
"        Margin of Error","±13,948","±0.4","±0.3","±0.4","±0.5","±0.5","±0.5","±0.5","±0.7","±0.4","±0.5","±1,070","±1,464","","(X)","(X)","(X)"
"    Married-couple families","","","","","","","","","","","","","","","","",""
"        Estimate","941,596","1.7%","1.1%","3.4%","4.9%","8.4%","17.2%","16.5%","23.6%","11.2%","12.1%","94,370","118,799","","(X)","(X)","(X)"
"        Margin of Error","±14,004","±0.2","±0.2","±0.3","±0.4","±0.5","±0.6","±0.6","±0.9","±0.6","±0.6","±1,174","±1,673","","(X)","(X)","(X)"
"    Nonfamily households","","","","","","","","","","","","","","","","",""
"        Estimate","707,460","14.3%","9.8%","15.9%","12.5%","14.5%","15.7%","8.1%","5.7%","1.9%","1.6%","32,330","47,145","","(X)","(X)","34.2%"
"        Margin of Error","±14,662","±0.8","±0.6","±0.7","±0.8","±0.7","±1.0","±0.6","±0.5","±0.3","±0.3","±919","±1,778","","(X)","(X)","(X)"
"Alaska","","","","","","","","","","","","","","","","",""
"    Households","","","","","","","","","","","","","","","","",""
"        Estimate","274,574","4.4%","2.5%","5.4%","5.3%","9.1%","15.8%","13.2%","21.8%","11.1%","11.4%","88,121","109,524","","35.9%","(X)","(X)"
"        Margin of Error","±3,261","±0.7","±0.4","±0.8","±0.6","±0.8","±1.3","±1.0","±1.4","±1.0","±1.1","±2,804","±2,730","","(X)","(X)","(X)"
"    Families","","","","","","","","","","","","","","","","",""
"        Estimate","175,789","3.1%","1.1%","3.8%","3.6%","7.5%","15.0%","12.7%","25.4%","14.0%","14.0%","105,329","124,663","","(X)","37.7%","(X)"
"        Margin of Error","±4,082","±0.7","±0.4","±0.7","±0.5","±1.0","±1.4","±1.3","±1.7","±1.3","±1.2","±2,285","±3,539","","(X)","(X)","(X)"
"    Married-couple families","","","","","","","","","","","","","","","","",""
"        Estimate","129,511","1.3%","0.8%","2.1%","2.8%","4.8%","13.2%","13.6%","27.2%","16.6%","17.6%","115,920","141,287","","(X)","(X)","(X)"
"        Margin of Error","±4,096","±0.4","±0.3","±0.6","±0.6","±1.0","±1.6","±1.6","±1.9","±1.5","±1.5","±3,720","±4,407","","(X)","(X)","(X)"
"    Nonfamily households","","","","","","","","","","","","","","","","",""
"        Estimate","98,785","7.9%","5.3%","9.1%","8.6%","13.1%","18.0%","13.1%","15.9%","4.7%","4.3%","57,657","74,242","","(X)","(X)","30.3%"
"        Margin of Error","±4,167","±1.5","±1.0","±1.5","±1.4","±1.6","±2.1","±1.5","±2.2","±1.1","±1.4","±5,211","±4,733","","(X)","(X)","(X)"
"Arizona","","","","","","","","","","","","","","","","",""
"    Households","","","","","","","","","","","","","","","","",""
"        Estimate","2,850,377","5.4%","3.0%","6.2%","7.3%","11.0%","17.3%","13.8%","17.8%","8.6%","9.6%","74,568","101,316","","38.9%","(X)","(X)"
"        Margin of Error","±11,519","±0.3","±0.2","±0.3","±0.3","±0.4","±0.4","±0.4","±0.4","±0.3","±0.3","±932","±1,391","","(X)","(X)","(X)"
"    Families","","","","","","","","","","","","","","","","",""
"        Estimate","1,843,530","3.7%","1.5%","3.9%","5.9%","9.7%","16.8%","15.1%","20.8%","10.3%","12.3%","88,679","116,717","","(X)","40.8%","(X)"
"        Margin of Error","±15,179","±0.3","±0.2","±0.3","±0.3","±0.4","±0.5","±0.5","±0.5","±0.4","±0.4","±1,187","±1,822","","(X)","(X)","(X)"
"    Married-couple families","","","","","","","","","","","","","","","","",""
"        Estimate","1,332,270","2.0%","0.9%","2.8%","3.9%","7.7%","15.3%","15.3%","23.5%","12.7%","15.7%","103,182","133,297","","(X)","(X)","(X)"
"        Margin of Error","±14,065","±0.2","±0.2","±0.3","±0.3","±0.4","±0.5","±0.6","±0.6","±0.5","±0.6","±1,250","±1,904","","(X)","(X)","(X)"
"    Nonfamily households","","","","","","","","","","","","","","","","",""
"        Estimate","1,006,847","9.9%","5.9%","10.8%","10.9%","14.7%","18.5%","10.8%","10.8%","4.1%","3.8%","47,840","66,724","","(X)","(X)","33.6%"
"        Margin of Error","±15,822","±0.6","±0.5","±0.5","±0.6","±0.7","±0.8","±0.6","±0.6","±0.3","±0.4","±1,067","±1,965","","(X)","(X)","(X)"
"Arkansas","","","","","","","","","","","","","","","","",""
"    Households","","","","","","","","","","","","","","","","",""
"        Estimate","1,216,207","7.3%","5.9%","9.5%","9.1%","13.5%","18.1%","12.6%","13.4%","5.1%","5.5%","55,432","76,853","","38.4%","(X)","(X)"
"        Margin of Error","±8,435","±0.5","±0.4","±0.4","±0.4","±0.5","±0.6","±0.4","±0.5","±0.3","±0.4","±994","±1,172","","(X)","(X)","(X)"
"    Families","","","","","","","","","","","","","","","","",""
"        Estimate","777,933","4.5%","2.6%","5.9%","7.6%","13.0%","19.1%","15.4%","17.5%","7.0%","7.4%","70,708","92,935","","(X)","39.8%","(X)"
"        Margin of Error","±11,579","±0.5","±0.3","±0.5","±0.5","±0.7","±0.8","±0.6","±0.8","±0.5","±0.5","±1,244","±1,608","","(X)","(X)","(X)"
"    Married-couple families","","","","","","","","","","","","","","","","",""
"        Estimate","572,596","1.8%","1.3%","4.2%","5.6%","11.3%","18.6%","17.4%","21.7%","8.8%","9.3%","84,273","106,939","","(X)","(X)","(X)"
"        Margin of Error","±10,329","±0.3","±0.2","±0.5","±0.5","±0.8","±0.8","±0.8","±1.0","±0.6","±0.7","±1,309","±2,188","","(X)","(X)","(X)"
"    Nonfamily households","","","","","","","","","","","","","","","","",""
"        Estimate","438,274","13.1%","11.8%","16.6%","12.6%","14.9%","15.4%","7.0%","5.4%","1.5%","1.8%","31,230","45,384","","(X)","(X)","34.4%"
"        Margin of Error","±10,059","±1.0","±0.9","±1.0","±0.9","±0.9","±1.1","±0.6","±0.6","±0.4","±0.4","±773","±1,596","","(X)","(X)","(X)"
"California","","","","","","","","","","","","","","","","",""
"    Households","","","","","","","","","","","","","","","","",""
"        Estimate","13,550,586","4.8%","3.2%","5.5%","5.9%","8.5%","13.8%","12.0%","17.6%","10.6%","18.0%","91,551","131,504","","39.9%","(X)","(X)"
"        Margin of Error","±19,485","±0.1","±0.1","±0.1","±0.1","±0.1","±0.2","±0.2","±0.2","±0.1","±0.2","±471","±672","","(X)","(X)","(X)"
"    Families","","","","","","","","","","","","","","","","",""
"        Estimate","9,150,804","3.1%","1.7%","4.2%","5.0%","8.1%","13.4%","12.2%","18.9%","11.9%","21.5%","104,823","147,628","","(X)","42.1%","(X)"
"        Margin of Error","±33,105","±0.1","±0.1","±0.1","±0.1","±0.2","±0.2","±0.2","±0.3","±0.2","±0.2","±683","±866","","(X)","(X)","(X)"
"    Married-couple families","","","","","","","","","","","","","","","","",""
"        Estimate","6,516,115","1.6%","1.0%","2.9%","3.5%","6.2%","11.6%","11.8%","20.2%","14.0%","27.3%","126,577","172,535","","(X)","(X)","(X)"
"        Margin of Error","±34,316","±0.1","±0.1","±0.1","±0.1","±0.2","±0.2","±0.2","±0.3","±0.3","±0.3","±854","±1,184","","(X)","(X)","(X)"
"    Nonfamily households","","","","","","","","","","","","","","","","",""
"        Estimate","4,399,782","9.7%","6.8%","9.1%","8.4%","10.2%","14.8%","11.2%","13.8%","6.8%","9.2%","59,348","89,374","","(X)","(X)","33.3%"
"        Margin of Error","±33,125","±0.2","±0.2","±0.2","±0.2","±0.3","±0.3","±0.3","±0.3","±0.2","±0.2","±751","±995","","(X)","(X)","(X)"
"Colorado","","","","","","","","","","","","","","","","",""
"    Households","","","","","","","","","","","","","","","","",""
"        Estimate","2,384,584","4.1%","2.5%","5.4%","5.8%","9.2%","15.1%","13.4%","19.0%","10.7%","14.7%","89,302","119,039","","34.0%","(X)","(X)"
"        Margin of Error","±7,807","±0.2","±0.2","±0.3","±0.3","±0.3","±0.5","±0.4","±0.5","±0.4","±0.4","±1,281","±1,252","","(X)","(X)","(X)"
"    Families","","","","","","","","","","","","","","","","",""
"        Estimate","1,464,182","2.3%","1.1%","3.2%","4.0%","7.1%","13.6%","13.6%","21.9%","13.6%","19.6%","109,592","142,387","","(X)","35.4%","(X)"
"        Margin of Error","±10,863","±0.3","±0.2","±0.3","±0.3","±0.4","±0.5","±0.5","±0.6","±0.6","±0.6","±1,710","±1,990","","(X)","(X)","(X)"
"    Married-couple families","","","","","","","","","","","","","","","","",""
"        Estimate","1,144,446","1.1%","0.7%","2.0%","2.7%","5.4%","11.7%","13.4%","23.5%","15.8%","23.6%","125,490","159,025","","(X)","(X)","(X)"
"        Margin of Error","±10,963","±0.2","±0.1","±0.2","±0.2","±0.4","±0.5","±0.6","±0.7","±0.7","±0.7","±2,037","±2,241","","(X)","(X)","(X)"
"    Nonfamily households","","","","","","","","","","","","","","","","",""
"        Estimate","920,402","7.7%","4.8%","9.3%","9.3%","13.1%","17.7%","12.9%","13.7%","5.5%","5.9%","57,553","77,519","","(X)","(X)","30.8%"
"        Margin of Error","±11,816","±0.5","±0.4","±0.6","±0.6","±0.7","±0.8","±0.7","±0.7","±0.4","±0.5","±1,653","±1,515","","(X)","(X)","(X)"
"Connecticut","","","","","","","","","","","","","","","","",""
"    Households","","","","","","","","","","","","","","","","",""
"        Estimate","1,433,635","5.1%","3.2%","5.9%","6.0%","8.7%","13.8%","12.6%","17.7%","10.8%","16.3%","88,429","128,160","","39.0%","(X)","(X)"
"        Margin of Error","±7,120","±0.4","±0.3","±0.4","±0.3","±0.5","±0.5","±0.6","±0.6","±0.5","±0.5","±1,688","±2,313","","(X)","(X)","(X)"
"    Families","","","","","","","","","","","","","","","","",""
"        Estimate","902,539","2.6%","1.7%","3.2%","4.0%","7.0%","12.2%","12.9%","20.1%","14.0%","22.4%","115,183","157,696","","(X)","41.2%","(X)"
"        Margin of Error","±10,832","±0.3","±0.3","±0.4","±0.4","±0.6","±0.5","±0.7","±0.8","±0.7","±0.7","±2,375","±3,051","","(X)","(X)","(X)"
"    Married-couple families","","","","","","","","","","","","","","","","",""
"        Estimate","658,900","1.2%","0.6%","1.6%","2.2%","4.8%","10.1%","12.4%","21.8%","16.7%","28.7%","139,531","185,623","","(X)","(X)","(X)"
"        Margin of Error","±11,174","±0.3","±0.2","±0.3","±0.3","±0.5","±0.6","±0.8","±1.0","±0.9","±0.9","±2,709","±3,748","","(X)","(X)","(X)"
"    Nonfamily households","","","","","","","","","","","","","","","","",""
"        Estimate","531,096","9.9%","6.0%","10.9%","9.8%","12.2%","16.8%","11.8%","13.5%","4.5%","4.5%","50,964","72,770","","(X)","(X)","33.8%"
"        Margin of Error","±11,439","±0.8","±0.6","±0.7","±0.7","±0.8","±0.9","±0.8","±1.0","±0.6","±0.6","±1,374","±2,549","","(X)","(X)","(X)"
"Delaware","","","","","","","","","","","","","","","","",""
"    Households","","","","","","","","","","","","","","","","",""
"        Estimate","402,334","4.0%","2.6%","5.8%","7.1%","10.4%","15.9%","13.9%","20.0%","9.4%","10.8%","82,174","105,438","","35.4%","(X)","(X)"
"        Margin of Error","±3,985","±0.6","±0.5","±0.6","±0.7","±0.8","±1.1","±0.9","±1.2","±0.8","±0.8","±2,002","±2,965","","(X)","(X)","(X)"
"    Families","","","","","","","","","","","","","","","","",""
"        Estimate","263,885","2.4%","1.8%","2.8%","3.9%","8.4%","15.9%","14.8%","23.5%","12.4%","14.2%","100,128","124,756","","(X)","37.8%","(X)"
"        Margin of Error","±5,988","±0.6","±0.5","±0.5","±0.7","±1.0","±1.3","±1.2","±1.4","±1.1","±1.1","±2,996","±4,265","","(X)","(X)","(X)"
"    Married-couple families","","","","","","","","","","","","","","","","",""
"        Estimate","197,223","1.2%","1.2%","1.4%","2.6%","6.5%","14.3%","14.3%","26.3%","14.6%","17.7%","112,712","139,819","","(X)","(X)","(X)"
"        Margin of Error","±5,836","±0.4","±0.6","±0.4","±0.6","±0.9","±1.4","±1.3","±1.8","±1.4","±1.4","±3,014","±4,418","","(X)","(X)","(X)"
"    Nonfamily households","","","","","","","","","","","","","","","","",""
"        Estimate","138,449","8.0%","4.6%","11.7%","13.0%","15.9%","17.2%","12.3%","11.2%","2.9%","3.3%","46,579","62,657","","(X)","(X)","29.7%"
"        Margin of Error","±5,414","±1.4","±1.0","±1.2","±1.8","±1.8","±1.7","±1.6","±1.6","±0.7","±0.8","±2,718","±2,400","","(X)","(X)","(X)"
"District of Columbia","","","","","","","","","","","","","","","","",""
"    Households","","","","","","","","","","","","","","","","",""
"        Estimate","326,970","6.8%","2.8%","5.1%","4.6%","7.0%","12.3%","10.7%","16.6%","10.3%","23.7%","101,027","148,872","","30.6%","(X)","(X)"
"        Margin of Error","±3,481","±1.0","±0.6","±1.0","±0.7","±1.0","±1.2","±1.0","±1.3","±0.8","±1.3","±2,737","±4,601","","(X)","(X)","(X)"
"    Families","","","","","","","","","","","","","","","","",""
"        Estimate","123,868","4.3%","1.2%","4.3%","2.8%","5.5%","9.5%","7.3%","15.5%","11.9%","37.6%","146,477","202,466","","(X)","40.5%","(X)"
"        Margin of Error","±6,183","±1.4","±0.6","±1.5","±0.9","±1.6","±1.9","±1.6","±2.4","±1.4","±2.3","±13,498","±8,584","","(X)","(X)","(X)"
"    Married-couple families","","","","","","","","","","","","","","","","",""
"        Estimate","77,550","0.9%","0.1%","2.1%","2.0%","2.1%","5.3%","6.1%","14.0%","13.8%","53.6%","213,692","265,991","","(X)","(X)","(X)"
"        Margin of Error","±4,586","±0.5","±0.1","±1.1","±0.9","±1.0","±1.6","±1.9","±2.7","±1.8","±2.9","±9,982","±12,072","","(X)","(X)","(X)"
"    Nonfamily households","","","","","","","","","","","","","","","","",""
"        Estimate","203,102","8.6%","3.8%","5.7%","5.8%","8.2%","14.0%","13.1%","16.9%","9.7%","14.1%","82,505","112,447","","(X)","(X)","24.0%"
"        Margin of Error","±6,189","±1.4","±0.8","±1.2","±1.0","±1.3","±1.5","±1.4","±1.5","±1.1","±1.4","±3,796","±5,167","","(X)","(X)","(X)"
"Florida","","","","","","","","","","","","","","","","",""
"    Households","","","","","","","","","","","","","","","","",""
"        Estimate","8,826,394","5.6%","3.5%","7.2%","8.0%","11.7%","17.4%","13.4%","16.0%","7.7%","9.5%","69,303","99,349","","38.2%","(X)","(X)"
"        Margin of Error","±23,013","±0.2","±0.1","±0.2","±0.2","±0.2","±0.2","±0.2","±0.2","±0.1","±0.2","±616","±793","","(X)","(X)","(X)"
"    Families","","","","","","","","","","","","","","","","",""
"        Estimate","5,684,399","3.5%","1.7%","5.0%","6.4%","10.7%","17.5%","14.6%","19.1%","9.4%","12.2%","83,410","115,717","","(X)","40.2%","(X)"
"        Margin of Error","±26,016","±0.2","±0.1","±0.2","±0.2","±0.3","±0.3","±0.2","±0.3","±0.2","±0.2","±598","±982","","(X)","(X)","(X)"
"    Married-couple families","","","","","","","","","","","","","","","","",""
"        Estimate","4,119,638","1.9%","1.1%","3.3%","4.6%","8.7%","16.0%","15.3%","22.0%","11.5%","15.6%","98,444","134,074","","(X)","(X)","(X)"
"        Margin of Error","±29,189","±0.1","±0.1","±0.2","±0.2","±0.3","±0.4","±0.3","±0.3","±0.3","±0.3","±812","±1,313","","(X)","(X)","(X)"
"    Nonfamily households","","","","","","","","","","","","","","","","",""
"        Estimate","3,141,995","10.4%","7.1%","12.1%","11.7%","14.2%","17.6%","10.3%","9.1%","3.6%","3.9%","43,665","64,627","","(X)","(X)","33.1%"
"        Margin of Error","±25,744","±0.4","±0.3","±0.3","±0.3","±0.4","±0.4","±0.4","±0.3","±0.2","±0.2","±612","±1,040","","(X)","(X)","(X)"
"Georgia","","","","","","","","","","","","","","","","",""
"    Households","","","","","","","","","","","","","","","","",""
"        Estimate","4,092,467","5.6%","3.6%","6.9%","7.3%","11.2%","16.8%","13.3%","16.9%","8.2%","10.2%","72,837","99,863","","40.8%","(X)","(X)"
"        Margin of Error","±12,679","±0.2","±0.2","±0.2","±0.2","±0.3","±0.4","±0.3","±0.4","±0.2","±0.2","±640","±908","","(X)","(X)","(X)"
"    Families","","","","","","","","","","","","","","","","",""
"        Estimate","2,733,234","3.8%","1.8%","4.5%","5.9%","10.2%","16.6%","14.3%","19.4%","10.1%","13.4%","86,642","116,323","","(X)","42.7%","(X)"
"        Margin of Error","±19,775","±0.2","±0.2","±0.3","±0.2","±0.3","±0.4","±0.4","±0.5","±0.3","±0.3","±867","±1,180","","(X)","(X)","(X)"
"    Married-couple families","","","","","","","","","","","","","","","","",""
"        Estimate","1,917,471","1.5%","0.8%","2.6%","3.8%","8.0%","14.9%","15.1%","22.7%","12.9%","17.7%","105,880","137,787","","(X)","(X)","(X)"
"        Margin of Error","±19,807","±0.2","±0.1","±0.2","±0.2","±0.3","±0.5","±0.4","±0.6","±0.4","±0.4","±940","±1,493","","(X)","(X)","(X)"
"    Nonfamily households","","","","","","","","","","","","","","","","",""
"        Estimate","1,359,233","10.2%","7.6%","12.3%","11.0%","13.7%","17.4%","10.4%","10.5%","3.7%","3.1%","44,656","61,965","","(X)","(X)","35.5%"
"        Margin of Error","±17,401","±0.4","±0.5","±0.5","±0.6","±0.6","±0.5","±0.6","±0.5","±0.3","±0.3","±924","±928","","(X)","(X)","(X)"
"Hawaii","","","","","","","","","","","","","","","","",""
"    Households","","","","","","","","","","","","","","","","",""
"        Estimate","494,827","5.3%","2.6%","5.1%","5.2%","8.6%","14.8%","12.0%","20.1%","11.0%","15.4%","92,458","120,969","","38.7%","(X)","(X)"
"        Margin of Error","±4,463","±0.6","±0.3","±0.5","±0.6","±0.6","±0.9","±0.7","±1.0","±0.7","±0.7","±2,241","±2,397","","(X)","(X)","(X)"
"    Families","","","","","","","","","","","","","","","","",""
"        Estimate","335,052","2.6%","1.4%","3.0%","4.5%","8.0%","13.5%","12.2%","23.2%","13.0%","18.5%","108,285","135,028","","(X)","40.8%","(X)"
"        Margin of Error","±5,901","±0.5","±0.3","±0.4","±0.6","±0.8","±0.9","±0.9","±1.2","±0.9","±1.0","±2,332","±3,088","","(X)","(X)","(X)"
"    Married-couple families","","","","","","","","","","","","","","","","",""
"        Estimate","240,727","1.3%","0.7%","1.9%","3.3%","6.2%","11.9%","12.2%","24.8%","15.1%","22.6%","122,592","151,985","","(X)","(X)","(X)"
"        Margin of Error","±5,335","±0.4","±0.3","±0.4","±0.5","±0.9","±1.1","±1.0","±1.5","±1.3","±1.2","±3,409","±3,721","","(X)","(X)","(X)"
"    Nonfamily households","","","","","","","","","","","","","","","","",""
"        Estimate","159,775","11.4%","5.6%","10.4%","7.7%","11.5%","18.9%","11.1%","12.6%","5.3%","5.5%","53,295","76,308","","(X)","(X)","31.9%"
"        Margin of Error","±5,300","±1.5","±0.8","±1.3","±1.2","±1.1","±1.6","±1.2","±1.2","±1.0","±1.0","±2,199","±3,514","","(X)","(X)","(X)"
"Idaho","","","","","","","","","","","","","","","","",""
"    Households","","","","","","","","","","","","","","","","",""
"        Estimate","717,151","3.8%","3.4%","6.5%","7.6%","11.5%","19.0%","15.4%","18.0%","7.0%","7.7%","72,785","94,503","","34.3%","(X)","(X)"
"        Margin of Error","±4,796","±0.3","±0.4","±0.5","±0.5","±0.7","±0.8","±0.9","±0.7","±0.5","±0.5","±1,134","±1,951","","(X)","(X)","(X)"
"    Families","","","","","","","","","","","","","","","","",""
"        Estimate","491,073","2.4%","1.7%","3.6%","5.5%","10.5%","18.4%","18.1%","21.5%","8.6%","9.8%","85,193","108,727","","(X)","34.4%","(X)"
"        Margin of Error","±7,254","±0.3","±0.3","±0.4","±0.5","±0.7","±0.9","±1.1","±0.8","±0.6","±0.7","±1,411","±2,765","","(X)","(X)","(X)"
"    Married-couple families","","","","","","","","","","","","","","","","",""
"        Estimate","396,372","1.3%","1.1%","2.6%","3.8%","8.9%","17.9%","18.9%","24.2%","9.9%","11.5%","93,252","119,113","","(X)","(X)","(X)"
"        Margin of Error","±7,169","±0.3","±0.3","±0.4","±0.5","±0.7","±0.9","±1.2","±0.9","±0.7","±0.9","±1,527","±3,458","","(X)","(X)","(X)"
"    Nonfamily households","","","","","","","","","","","","","","","","",""
"        Estimate","226,078","8.0%","7.6%","13.1%","13.4%","15.8%","19.5%","9.1%","8.5%","2.6%","2.4%","42,145","57,863","","(X)","(X)","32.3%"
"        Margin of Error","±6,123","±0.9","±0.9","±1.3","±1.3","±1.3","±1.6","±1.0","±1.1","±0.5","±0.4","±1,724","±2,581","","(X)","(X)","(X)"
"Illinois","","","","","","","","","","","","","","","","",""
"    Households","","","","","","","","","","","","","","","","",""
"        Estimate","5,056,360","5.9%","3.5%","6.5%","7.1%","10.1%","15.9%","12.9%","17.6%","9.0%","11.6%","76,708","106,728","","38.5%","(X)","(X)"
"        Margin of Error","±12,532","±0.2","±0.1","±0.2","±0.2","±0.2","±0.3","±0.3","±0.3","±0.2","±0.3","±584","±840","","(X)","(X)","(X)"
"    Families","","","","","","","","","","","","","","","","",""
"        Estimate","3,137,923","3.4%","1.7%","4.0%","5.2%","8.3%","15.1%","13.8%","20.8%","11.9%","15.9%","96,948","129,493","","(X)","40.9%","(X)"
"        Margin of Error","±19,933","±0.2","±0.1","±0.2","±0.3","±0.3","±0.4","±0.3","±0.4","±0.3","±0.4","±927","±1,172","","(X)","(X)","(X)"
"    Married-couple families","","","","","","","","","","","","","","","","",""
"        Estimate","2,282,497","1.3%","0.7%","2.1%","3.4%","6.4%","13.5%","13.8%","23.7%","14.6%","20.5%","116,450","151,829","","(X)","(X)","(X)"
"        Margin of Error","±19,532","±0.1","±0.1","±0.2","±0.2","±0.3","±0.4","±0.3","±0.5","±0.4","±0.4","±898","±1,364","","(X)","(X)","(X)"
"    Nonfamily households","","","","","","","","","","","","","","","","",""
"        Estimate","1,918,437","10.4%","6.8%","11.2%","10.6%","13.6%","17.5%","11.0%","11.4%","3.7%","3.8%","46,533","65,371","","(X)","(X)","33.3%"
"        Margin of Error","±18,723","±0.4","±0.3","±0.4","±0.5","±0.4","±0.5","±0.4","±0.5","±0.2","±0.3","±744","±1,109","","(X)","(X)","(X)"
"Indiana","","","","","","","","","","","","","","","","",""
"    Households","","","","","","","","","","","","","","","","",""
"        Estimate","2,726,489","5.6%","3.8%","7.1%","8.2%","12.6%","18.0%","14.1%","16.6%","7.3%","6.8%","66,785","88,805","","35.5%","(X)","(X)"
"        Margin of Error","±11,359","±0.2","±0.2","±0.3","±0.3","±0.3","±0.4","±0.3","±0.4","±0.3","±0.2","±659","±868","","(X)","(X)","(X)"
"    Families","","","","","","","","","","","","","","","","",""
"        Estimate","1,740,106","3.5%","2.0%","4.0%","5.6%","10.5%","18.1%","16.1%","20.9%","9.9%","9.5%","84,508","106,944","","(X)","36.7%","(X)"
"        Margin of Error","±15,718","±0.3","±0.2","±0.3","±0.3","±0.4","±0.5","±0.4","±0.6","±0.4","±0.3","±883","±1,207","","(X)","(X)","(X)"
"    Married-couple families","","","","","","","","","","","","","","","","",""
"        Estimate","1,307,913","1.1%","1.0%","2.1%","3.8%","8.5%","17.2%","17.5%","24.7%","12.1%","11.9%","97,914","122,445","","(X)","(X)","(X)"
"        Margin of Error","±16,414","±0.2","±0.1","±0.2","±0.3","±0.4","±0.5","±0.5","±0.8","±0.5","±0.4","±1,132","±1,425","","(X)","(X)","(X)"
"    Nonfamily households","","","","","","","","","","","","","","","","",""
"        Estimate","986,383","10.1%","7.5%","13.3%","13.4%","16.7%","17.9%","9.6%","7.7%","2.2%","1.7%","39,768","53,033","","(X)","(X)","32.2%"
"        Margin of Error","±15,051","±0.6","±0.5","±0.6","±0.6","±0.7","±0.6","±0.5","±0.5","±0.3","±0.2","±699","±949","","(X)","(X)","(X)"
"Iowa","","","","","","","","","","","","","","","","",""
"    Households","","","","","","","","","","","","","","","","",""
"        Estimate","1,330,995","4.3%","3.6%","7.5%","7.4%","12.2%","18.4%","14.2%","17.3%","7.8%","7.3%","69,588","92,695","","33.4%","(X)","(X)"
"        Margin of Error","±5,631","±0.3","±0.3","±0.4","±0.3","±0.5","±0.5","±0.4","±0.4","±0.3","±0.3","±889","±1,332","","(X)","(X)","(X)"
"    Families","","","","","","","","","","","","","","","","",""
"        Estimate","821,960","2.5%","1.6%","3.7%","4.8%","9.6%","17.0%","16.5%","22.9%","11.0%","10.4%","90,851","114,205","","(X)","33.8%","(X)"
"        Margin of Error","±8,203","±0.3","±0.2","±0.4","±0.3","±0.6","±0.6","±0.6","±0.6","±0.4","±0.5","±1,014","±1,764","","(X)","(X)","(X)"
"    Married-couple families","","","","","","","","","","","","","","","","",""
"        Estimate","646,759","0.9%","0.6%","2.2%","3.2%","7.3%","15.7%","17.5%","26.5%","13.3%","12.6%","103,754","128,072","","(X)","(X)","(X)"
"        Margin of Error","±8,553","±0.1","±0.1","±0.3","±0.3","±0.5","±0.7","±0.6","±0.6","±0.5","±0.6","±1,256","±2,038","","(X)","(X)","(X)"
"    Nonfamily households","","","","","","","","","","","","","","","","",""
"        Estimate","509,035","8.1%","7.2%","14.2%","12.2%","17.3%","20.0%","10.1%","6.9%","1.9%","2.0%","41,504","54,531","","(X)","(X)","31.5%"
"        Margin of Error","±8,555","±0.6","±0.5","±0.7","±0.7","±0.9","±1.0","±0.6","±0.7","±0.3","±0.3","±811","±1,551","","(X)","(X)","(X)"
"Kansas","","","","","","","","","","","","","","","","",""
"    Households","","","","","","","","","","","","","","","","",""
"        Estimate","1,175,294","5.3%","3.6%","7.5%","8.1%","11.7%","17.8%","13.5%","16.9%","7.6%","8.1%","68,925","93,221","","35.9%","(X)","(X)"
"        Margin of Error","±6,195","±0.4","±0.3","±0.4","±0.4","±0.5","±0.6","±0.5","±0.5","±0.3","±0.4","±1,152","±1,338","","(X)","(X)","(X)"
"    Families","","","","","","","","","","","","","","","","",""
"        Estimate","740,407","2.8%","1.6%","3.8%","5.3%","9.4%","17.5%","15.8%","22.2%","10.3%","11.2%","89,712","113,962","","(X)","37.2%","(X)"
"        Margin of Error","±9,430","±0.3","±0.3","±0.4","±0.4","±0.5","±0.7","±0.7","±0.6","±0.5","±0.5","±1,178","±2,055","","(X)","(X)","(X)"
"    Married-couple families","","","","","","","","","","","","","","","","",""
"        Estimate","574,286","1.4%","0.8%","2.0%","3.3%","7.6%","16.6%","16.7%","25.3%","12.5%","13.7%","102,123","128,205","","(X)","(X)","(X)"
"        Margin of Error","±9,532","±0.2","±0.2","±0.2","±0.3","±0.6","±0.7","±0.7","±0.7","±0.6","±0.6","±1,279","±2,516","","(X)","(X)","(X)"
"    Nonfamily households","","","","","","","","","","","","","","","","",""
"        Estimate","434,887","10.3%","7.2%","14.1%","13.5%","16.0%","18.6%","8.7%","6.9%","2.4%","2.2%","39,735","54,058","","(X)","(X)","32.3%"
"        Margin of Error","±8,580","±0.9","±0.7","±0.8","±0.9","±0.8","±1.0","±0.7","±0.6","±0.4","±0.4","±1,255","±1,716","","(X)","(X)","(X)"
"Kentucky","","","","","","","","","","","","","","","","",""
"    Households","","","","","","","","","","","","","","","","",""
"        Estimate","1,828,680","6.8%","5.8%","8.9%","8.9%","12.4%","17.5%","12.6%","14.9%","6.2%","6.0%","59,341","82,614","","34.6%","(X)","(X)"
"        Margin of Error","±8,263","±0.3","±0.3","±0.3","±0.4","±0.4","±0.5","±0.4","±0.5","±0.3","±0.3","±924","±1,237","","(X)","(X)","(X)"
"    Families","","","","","","","","","","","","","","","","",""
"        Estimate","1,172,125","4.3%","2.8%","5.9%","7.4%","11.1%","17.7%","14.7%","19.5%","8.4%","8.2%","76,119","99,631","","(X)","36.1%","(X)"
"        Margin of Error","±12,188","±0.3","±0.3","±0.4","±0.4","±0.4","±0.6","±0.5","±0.6","±0.4","±0.4","±1,049","±1,642","","(X)","(X)","(X)"
"    Married-couple families","","","","","","","","","","","","","","","","",""
"        Estimate","860,710","1.9%","1.4%","3.7%","5.8%","9.0%","17.2%","16.5%","23.4%","10.6%","10.5%","91,212","115,427","","(X)","(X)","(X)"
"        Margin of Error","±12,785","±0.2","±0.2","±0.3","±0.5","±0.5","±0.7","±0.6","±0.7","±0.6","±0.5","±1,284","±1,997","","(X)","(X)","(X)"
"    Nonfamily households","","","","","","","","","","","","","","","","",""
"        Estimate","656,555","12.3%","11.4%","15.0%","12.3%","15.5%","16.5%","7.9%","5.8%","1.6%","1.7%","33,993","48,151","","(X)","(X)","30.6%"
"        Margin of Error","±10,650","±0.7","±0.7","±0.7","±0.6","±0.9","±0.9","±0.5","±0.5","±0.3","±0.2","±894","±1,555","","(X)","(X)","(X)"
"Louisiana","","","","","","","","","","","","","","","","",""
"    Households","","","","","","","","","","","","","","","","",""
"        Estimate","1,816,902","7.9%","6.0%","10.2%","9.4%","12.0%","16.4%","11.5%","14.2%","6.2%","6.2%","55,416","79,175","","39.9%","(X)","(X)"
"        Margin of Error","±10,634","±0.4","±0.3","±0.5","±0.5","±0.4","±0.5","±0.4","±0.5","±0.3","±0.3","±800","±989","","(X)","(X)","(X)"
"    Families","","","","","","","","","","","","","","","","",""
"        Estimate","1,131,137","5.0%","2.9%","7.7%","8.0%","10.8%","16.9%","13.4%","18.2%","8.3%","8.7%","72,866","96,505","","(X)","41.7%","(X)"
"        Margin of Error","±14,836","±0.4","±0.3","±0.5","±0.5","±0.5","±0.7","±0.6","±0.7","±0.5","±0.4","±1,324","±1,397","","(X)","(X)","(X)"
"    Married-couple families","","","","","","","","","","","","","","","","",""
"        Estimate","754,142","1.7%","1.0%","3.9%","5.3%","8.9%","16.5%","15.7%","22.9%","11.6%","12.3%","94,699","119,167","","(X)","(X)","(X)"
"        Margin of Error","±12,873","±0.3","±0.2","±0.4","±0.5","±0.5","±0.7","±0.8","±0.9","±0.6","±0.6","±1,428","±1,798","","(X)","(X)","(X)"
"    Nonfamily households","","","","","","","","","","","","","","","","",""
"        Estimate","685,765","13.8%","11.3%","15.4%","12.0%","14.2%","14.7%","8.2%","6.7%","2.1%","1.6%","32,360","47,270","","(X)","(X)","35.5%"
"        Margin of Error","±12,298","±0.8","±0.7","±0.8","±0.8","±0.8","±0.8","±0.6","±0.5","±0.3","±0.3","±864","±1,336","","(X)","(X)","(X)"
"Maine","","","","","","","","","","","","","","","","",""
"    Households","","","","","","","","","","","","","","","","",""
"        Estimate","605,338","4.7%","4.0%","7.6%","7.6%","11.9%","17.6%","13.7%","17.3%","7.7%","7.9%","69,543","93,555","","33.1%","(X)","(X)"
"        Margin of Error","±5,032","±0.5","±0.4","±0.5","±0.5","±0.6","±0.8","±0.8","±0.7","±0.6","±0.6","±1,494","±2,231","","(X)","(X)","(X)"
"    Families","","","","","","","","","","","","","","","","",""
"        Estimate","370,935","2.1%","1.5%","3.9%","5.1%","10.4%","18.2%","15.4%","21.8%","10.2%","11.2%","88,063","114,321","","(X)","33.3%","(X)"
"        Margin of Error","±6,284","±0.5","±0.3","±0.5","±0.6","±0.7","±1.0","±0.9","±0.9","±0.8","±0.9","±2,214","±3,113","","(X)","(X)","(X)"
"    Married-couple families","","","","","","","","","","","","","","","","",""
"        Estimate","292,681","1.1%","0.8%","2.9%","3.6%","8.5%","16.9%","15.9%","25.1%","11.7%","13.4%","100,366","127,359","","(X)","(X)","(X)"
"        Margin of Error","±5,984","±0.2","±0.2","±0.5","±0.5","±0.7","±0.9","±1.0","±1.1","±0.9","±1.0","±2,748","±3,627","","(X)","(X)","(X)"
"    Nonfamily households","","","","","","","","","","","","","","","","",""
"        Estimate","234,403","9.3%","8.3%","13.9%","12.7%","15.4%","17.2%","10.1%","8.2%","2.9%","2.1%","40,639","55,434","","(X)","(X)","31.2%"
"        Margin of Error","±6,361","±1.1","±0.9","±1.1","±1.0","±1.2","±1.4","±1.1","±0.9","±0.5","±0.5","±1,513","±2,071","","(X)","(X)","(X)"
"Maryland","","","","","","","","","","","","","","","","",""
"    Households","","","","","","","","","","","","","","","","",""
"        Estimate","2,375,984","4.8%","2.6%","4.9%","5.5%","8.3%","13.5%","12.5%","18.7%","11.6%","17.5%","94,991","125,876","","37.7%","(X)","(X)"
"        Margin of Error","±8,175","±0.3","±0.2","±0.3","±0.3","±0.3","±0.4","±0.5","±0.5","±0.4","±0.4","±1,080","±1,355","","(X)","(X)","(X)"
"    Families","","","","","","","","","","","","","","","","",""
"        Estimate","1,546,282","2.7%","1.2%","3.1%","4.2%","7.0%","12.1%","12.0%","20.5%","14.2%","23.2%","117,294","148,486","","(X)","39.4%","(X)"
"        Margin of Error","±14,790","±0.2","±0.2","±0.3","±0.3","±0.4","±0.5","±0.5","±0.6","±0.5","±0.7","±1,435","±1,793","","(X)","(X)","(X)"
"    Married-couple families","","","","","","","","","","","","","","","","",""
"        Estimate","1,104,626","1.1%","0.6%","1.9%","2.4%","4.9%","9.5%","11.5%","21.6%","16.5%","30.1%","141,599","172,927","","(X)","(X)","(X)"
"        Margin of Error","±13,299","±0.2","±0.1","±0.3","±0.3","±0.3","±0.5","±0.6","±0.8","±0.6","±0.8","±1,724","±2,074","","(X)","(X)","(X)"
"    Nonfamily households","","","","","","","","","","","","","","","","",""
"        Estimate","829,702","9.6%","5.6%","8.9%","8.9%","11.6%","16.8%","12.9%","14.4%","6.0%","5.4%","57,179","77,318","","(X)","(X)","32.8%"
"        Margin of Error","±14,716","±0.5","±0.6","±0.6","±0.7","±0.7","±0.7","±0.8","±0.8","±0.5","±0.4","±1,731","±1,849","","(X)","(X)","(X)"
"Massachusetts","","","","","","","","","","","","","","","","",""
"    Households","","","","","","","","","","","","","","","","",""
"        Estimate","2,797,776","5.2%","3.6%","5.6%","5.6%","8.3%","12.7%","11.3%","17.6%","11.0%","19.0%","94,488","133,823","","39.4%","(X)","(X)"
"        Margin of Error","±8,835","±0.2","±0.2","±0.2","±0.3","±0.3","±0.4","±0.3","±0.4","±0.3","±0.4","±1,260","±1,651","","(X)","(X)","(X)"
"    Families","","","","","","","","","","","","","","","","",""
"        Estimate","1,724,355","2.9%","1.5%","3.4%","4.2%","6.7%","11.5%","11.1%","19.8%","13.4%","25.4%","120,263","162,406","","(X)","41.7%","(X)"
"        Margin of Error","±13,855","±0.2","±0.2","±0.3","±0.3","±0.4","±0.5","±0.4","±0.5","±0.4","±0.6","±1,404","±2,429","","(X)","(X)","(X)"
"    Married-couple families","","","","","","","","","","","","","","","","",""
"        Estimate","1,263,224","1.2%","0.6%","1.9%","2.6%","4.6%","9.2%","10.7%","20.9%","16.0%","32.3%","145,577","191,170","","(X)","(X)","(X)"
"        Margin of Error","±13,630","±0.2","±0.1","±0.2","±0.3","±0.3","±0.4","±0.5","±0.6","±0.6","±0.7","±1,609","±2,989","","(X)","(X)","(X)"
"    Nonfamily households","","","","","","","","","","","","","","","","",""
"        Estimate","1,073,421","9.6%","7.3%","9.7%","8.3%","11.1%","15.3%","11.5%","13.5%","6.4%","7.4%","55,979","82,617","","(X)","(X)","34.5%"
"        Margin of Error","±13,764","±0.5","±0.5","±0.5","±0.5","±0.6","±0.7","±0.5","±0.6","±0.4","±0.4","±1,580","±1,855","","(X)","(X)","(X)"
"Michigan","","","","","","","","","","","","","","","","",""
"    Households","","","","","","","","","","","","","","","","",""
"        Estimate","4,089,794","5.7%","4.0%","7.6%","8.1%","12.0%","17.6%","13.2%","16.4%","7.5%","8.1%","66,986","91,856","","36.7%","(X)","(X)"
"        Margin of Error","±11,504","±0.2","±0.2","±0.2","±0.2","±0.2","±0.3","±0.3","±0.3","±0.2","±0.2","±675","±714","","(X)","(X)","(X)"
"    Families","","","","","","","","","","","","","","","","",""
"        Estimate","2,548,560","3.5%","2.0%","4.4%","5.7%","10.0%","17.4%","15.0%","20.5%","10.2%","11.3%","85,865","111,255","","(X)","38.0%","(X)"
"        Margin of Error","±17,210","±0.2","±0.2","±0.2","±0.3","±0.3","±0.4","±0.4","±0.4","±0.3","±0.3","±844","±1,009","","(X)","(X)","(X)"
"    Married-couple families","","","","","","","","","","","","","","","","",""
"        Estimate","1,868,821","1.4%","0.8%","2.6%","4.0%","7.8%","16.1%","15.9%","24.3%","12.8%","14.4%","102,076","128,843","","(X)","(X)","(X)"
"        Margin of Error","±17,438","±0.1","±0.1","±0.2","±0.2","±0.3","±0.4","±0.4","±0.5","±0.4","±0.3","±856","±1,312","","(X)","(X)","(X)"
"    Nonfamily households","","","","","","","","","","","","","","","","",""
"        Estimate","1,541,234","10.2%","7.8%","13.2%","12.6%","15.7%","17.9%","9.5%","8.4%","2.5%","2.3%","40,459","56,097","","(X)","(X)","33.5%"
"        Margin of Error","±16,450","±0.4","±0.4","±0.5","±0.4","±0.5","±0.6","±0.4","±0.4","±0.2","±0.2","±543","±982","","(X)","(X)","(X)"
"Minnesota","","","","","","","","","","","","","","","","",""
"    Households","","","","","","","","","","","","","","","","",""
"        Estimate","2,322,190","4.3%","3.1%","5.6%","6.4%","9.8%","16.3%","13.8%","19.0%","10.2%","11.6%","82,338","109,737","","32.3%","(X)","(X)"
"        Margin of Error","±6,929","±0.3","±0.2","±0.2","±0.2","±0.3","±0.3","±0.3","±0.3","±0.3","±0.3","±749","±1,087","","(X)","(X)","(X)"
"    Families","","","","","","","","","","","","","","","","",""
"        Estimate","1,456,312","2.2%","1.3%","2.9%","4.1%","7.4%","14.5%","14.7%","23.3%","13.6%","16.1%","105,324","133,458","","(X)","33.0%","(X)"
"        Margin of Error","±12,349","±0.3","±0.1","±0.2","±0.3","±0.3","±0.4","±0.4","±0.5","±0.4","±0.4","±797","±1,444","","(X)","(X)","(X)"
"    Married-couple families","","","","","","","","","","","","","","","","",""
"        Estimate","1,147,255","1.0%","0.7%","1.7%","2.6%","5.5%","12.6%","14.8%","25.9%","15.9%","19.3%","119,140","149,174","","(X)","(X)","(X)"
"        Margin of Error","±11,307","±0.1","±0.1","±0.2","±0.2","±0.3","±0.4","±0.5","±0.5","±0.5","±0.5","±1,207","±1,714","","(X)","(X)","(X)"
"    Nonfamily households","","","","","","","","","","","","","","","","",""
"        Estimate","865,878","8.7%","6.3%","10.6%","11.1%","14.5%","19.5%","11.6%","10.7%","3.7%","3.3%","48,461","65,533","","(X)","(X)","29.8%"
"        Margin of Error","±11,838","±0.5","±0.4","±0.5","±0.6","±0.7","±0.7","±0.6","±0.5","±0.3","±0.3","±1,190","±1,417","","(X)","(X)","(X)"
"Mississippi","","","","","","","","","","","","","","","","",""
"    Households","","","","","","","","","","","","","","","","",""
"        Estimate","1,148,340","8.1%","6.4%","10.6%","9.3%","13.2%","17.4%","12.1%","13.2%","4.8%","4.9%","52,719","72,624","","41.0%","(X)","(X)"
"        Margin of Error","±8,056","±0.4","±0.4","±0.4","±0.5","±0.6","±0.7","±0.6","±0.6","±0.3","±0.3","±895","±1,038","","(X)","(X)","(X)"
"    Families","","","","","","","","","","","","","","","","",""
"        Estimate","754,264","5.1%","3.1%","7.6%","8.2%","12.5%","18.4%","14.9%","17.1%","6.6%","6.5%","66,973","87,442","","(X)","43.7%","(X)"
"        Margin of Error","±11,027","±0.5","±0.3","±0.6","±0.6","±0.8","±0.9","±0.8","±0.8","±0.5","±0.5","±1,560","±1,483","","(X)","(X)","(X)"
"    Married-couple families","","","","","","","","","","","","","","","","",""
"        Estimate","503,356","1.9%","1.4%","4.1%","5.7%","10.4%","18.8%","17.4%","22.6%","8.7%","9.1%","85,762","106,427","","(X)","(X)","(X)"
"        Margin of Error","±9,840","±0.4","±0.2","±0.5","±0.6","±0.8","±1.1","±1.1","±1.1","±0.7","±0.6","±1,424","±2,015","","(X)","(X)","(X)"
"    Nonfamily households","","","","","","","","","","","","","","","","",""
"        Estimate","394,076","15.1%","13.3%","17.2%","11.7%","14.8%","14.5%","6.4%","4.4%","1.2%","1.4%","28,667","40,989","","(X)","(X)","34.9%"
"        Margin of Error","±9,362","±1.0","±1.1","±0.9","±0.8","±0.9","±1.0","±0.6","±0.6","±0.3","±0.4","±1,309","±1,658","","(X)","(X)","(X)"
"Missouri","","","","","","","","","","","","","","","","",""
"    Households","","","","","","","","","","","","","","","","",""
"        Estimate","2,521,832","5.7%","4.4%","7.7%","8.5%","12.3%","17.9%","13.4%","16.2%","6.9%","7.0%","64,811","88,586","","35.3%","(X)","(X)"
"        Margin of Error","±11,480","±0.2","±0.2","±0.3","±0.3","±0.3","±0.4","±0.4","±0.4","±0.3","±0.3","±733","±1,068","","(X)","(X)","(X)"
"    Families","","","","","","","","","","","","","","","","",""
"        Estimate","1,569,735","3.2%","1.9%","4.5%","6.3%","10.4%","17.9%","15.5%","20.8%","9.7%","9.8%","83,420","108,019","","(X)","36.1%","(X)"
"        Margin of Error","±16,545","±0.3","±0.2","±0.3","±0.4","±0.4","±0.5","±0.5","±0.6","±0.4","±0.4","±949","±1,412","","(X)","(X)","(X)"
"    Married-couple families","","","","","","","","","","","","","","","","",""
"        Estimate","1,168,049","1.5%","0.9%","2.5%","4.3%","8.2%","17.0%","16.7%","24.5%","11.8%","12.5%","98,090","123,979","","(X)","(X)","(X)"
"        Margin of Error","±15,509","±0.2","±0.1","±0.2","±0.4","±0.4","±0.5","±0.7","±0.7","±0.5","±0.4","±1,097","±1,791","","(X)","(X)","(X)"
"    Nonfamily households","","","","","","","","","","","","","","","","",""
"        Estimate","952,097","10.7%","9.0%","13.5%","12.8%","16.0%","18.0%","8.9%","7.1%","1.9%","2.1%","38,435","52,852","","(X)","(X)","32.7%"
"        Margin of Error","±15,163","±0.6","±0.5","±0.6","±0.6","±0.6","±0.7","±0.5","±0.4","±0.3","±0.2","±948","±1,171","","(X)","(X)","(X)"
"Montana","","","","","","","","","","","","","","","","",""
"    Households","","","","","","","","","","","","","","","","",""
"        Estimate","464,072","5.0%","4.4%","7.4%","7.8%","12.5%","17.9%","15.0%","16.0%","6.6%","7.5%","67,631","90,874","","36.2%","(X)","(X)"
"        Margin of Error","±4,326","±0.5","±0.5","±0.6","±0.6","±0.7","±1.0","±0.8","±1.0","±0.6","±0.6","±1,496","±2,372","","(X)","(X)","(X)"
"    Families","","","","","","","","","","","","","","","","",""
"        Estimate","282,216","2.6%","1.9%","3.6%","5.7%","10.3%","18.9%","17.1%","21.1%","9.3%","9.5%","83,580","109,448","","(X)","38.0%","(X)"
"        Margin of Error","±5,376","±0.5","±0.4","±0.6","±0.7","±0.9","±1.3","±1.1","±1.3","±1.0","±0.8","±1,825","±3,615","","(X)","(X)","(X)"
"    Married-couple families","","","","","","","","","","","","","","","","",""
"        Estimate","223,380","1.4%","0.9%","2.3%","4.2%","8.9%","17.7%","18.3%","23.7%","11.2%","11.4%","94,791","121,898","","(X)","(X)","(X)"
"        Margin of Error","±5,140","±0.4","±0.3","±0.5","±0.7","±0.9","±1.3","±1.4","±1.7","±1.1","±1.0","±2,641","±4,352","","(X)","(X)","(X)"
"    Nonfamily households","","","","","","","","","","","","","","","","",""
"        Estimate","181,856","9.3%","8.2%","13.7%","12.4%","16.4%","16.4%","10.2%","7.9%","2.1%","3.4%","40,582","58,278","","(X)","(X)","32.2%"
"        Margin of Error","±6,008","±1.1","±1.1","±1.2","±1.3","±1.4","±1.4","±1.3","±1.2","±0.5","±0.7","±1,321","±2,523","","(X)","(X)","(X)"
"Nebraska","","","","","","","","","","","","","","","","",""
"    Households","","","","","","","","","","","","","","","","",""
"        Estimate","803,157","4.9%","3.4%","7.4%","7.6%","12.4%","17.4%","13.5%","17.4%","8.0%","8.0%","69,597","94,599","","34.0%","(X)","(X)"
"        Margin of Error","±3,991","±0.4","±0.4","±0.5","±0.5","±0.6","±0.6","±0.6","±0.6","±0.5","±0.4","±1,168","±1,700","","(X)","(X)","(X)"
"    Families","","","","","","","","","","","","","","","","",""
"        Estimate","501,595","2.8%","1.5%","3.9%","4.7%","9.6%","16.7%","15.4%","22.9%","11.4%","11.1%","92,676","116,618","","(X)","35.4%","(X)"
"        Margin of Error","±6,684","±0.4","±0.3","±0.5","±0.5","±0.6","±0.7","±0.8","±0.9","±0.7","±0.7","±1,584","±2,512","","(X)","(X)","(X)"
"    Married-couple families","","","","","","","","","","","","","","","","",""
"        Estimate","390,540","1.0%","0.6%","2.2%","3.1%","7.2%","15.3%","16.4%","26.6%","14.0%","13.6%","106,393","132,582","","(X)","(X)","(X)"
"        Margin of Error","±6,987","±0.2","±0.2","±0.4","±0.4","±0.6","±0.6","±0.9","±1.1","±0.9","±0.8","±1,653","±3,175","","(X)","(X)","(X)"
"    Nonfamily households","","","","","","","","","","","","","","","","",""
"        Estimate","301,562","9.0%","6.9%","13.6%","13.1%","17.8%","19.1%","9.4%","7.1%","1.7%","2.2%","40,712","54,076","","(X)","(X)","30.6%"
"        Margin of Error","±6,560","±0.9","±0.8","±0.9","±1.1","±1.4","±1.1","±0.8","±0.7","±0.3","±0.4","±914","±2,074","","(X)","(X)","(X)"
"Nevada","","","","","","","","","","","","","","","","",""
"    Households","","","","","","","","","","","","","","","","",""
"        Estimate","1,198,356","5.6%","3.1%","6.5%","7.4%","11.6%","17.6%","13.6%","17.9%","7.9%","8.8%","72,333","98,422","","38.6%","(X)","(X)"
"        Margin of Error","±7,074","±0.4","±0.3","±0.5","±0.4","±0.6","±0.6","±0.6","±0.6","±0.4","±0.4","±1,026","±1,835","","(X)","(X)","(X)"
"    Families","","","","","","","","","","","","","","","","",""
"        Estimate","773,666","3.8%","1.6%","4.4%","5.4%","10.7%","17.0%","15.3%","21.1%","9.7%","11.0%","85,593","112,544","","(X)","40.0%","(X)"
"        Margin of Error","±11,594","±0.4","±0.3","±0.5","±0.5","±0.6","±0.7","±0.7","±0.9","±0.5","±0.6","±1,877","±2,556","","(X)","(X)","(X)"
"    Married-couple families","","","","","","","","","","","","","","","","",""
"        Estimate","530,175","1.9%","0.9%","2.8%","4.0%","8.3%","15.6%","16.0%","24.2%","12.2%","14.1%","100,620","129,581","","(X)","(X)","(X)"
"        Margin of Error","±9,613","±0.4","±0.2","±0.4","±0.5","±0.7","±0.9","±1.0","±1.2","±0.7","±0.8","±1,866","±3,354","","(X)","(X)","(X)"
"    Nonfamily households","","","","","","","","","","","","","","","","",""
"        Estimate","424,690","10.2%","5.8%","11.2%","11.7%","14.3%","19.5%","10.1%","10.0%","3.0%","4.2%","46,176","66,078","","(X)","(X)","34.4%"
"        Margin of Error","±9,909","±0.9","±0.7","±1.0","±0.9","±1.0","±1.1","±1.0","±0.8","±0.4","±0.6","±1,218","±2,226","","(X)","(X)","(X)"
"New Hampshire","","","","","","","","","","","","","","","","",""
"    Households","","","","","","","","","","","","","","","","",""
"        Estimate","557,220","3.1%","2.8%","5.3%","5.7%","8.8%","16.0%","13.1%","18.6%","11.5%","15.0%","89,992","119,452","","33.4%","(X)","(X)"
"        Margin of Error","±4,834","±0.4","±0.4","±0.6","±0.5","±0.7","±0.9","±0.7","±0.9","±0.6","±0.8","±2,310","±2,468","","(X)","(X)","(X)"
"    Families","","","","","","","","","","","","","","","","",""
"        Estimate","358,120","1.6%","1.2%","2.1%","3.7%","6.8%","14.1%","13.9%","22.3%","14.9%","19.4%","112,950","140,757","","(X)","34.3%","(X)"
"        Margin of Error","±5,637","±0.3","±0.3","±0.4","±0.5","±0.7","±1.0","±1.0","±1.3","±0.9","±1.1","±2,905","±3,072","","(X)","(X)","(X)"
"    Married-couple families","","","","","","","","","","","","","","","","",""
"        Estimate","285,354","0.7%","0.6%","1.5%","2.6%","5.0%","12.6%","13.3%","24.1%","16.9%","22.6%","126,386","154,617","","(X)","(X)","(X)"
"        Margin of Error","±5,422","±0.2","±0.2","±0.4","±0.5","±0.6","±1.0","±1.0","±1.5","±1.0","±1.2","±3,142","±3,495","","(X)","(X)","(X)"
"    Nonfamily households","","","","","","","","","","","","","","","","",""
"        Estimate","199,100","6.4%","6.3%","11.4%","9.9%","13.2%","19.8%","11.9%","11.3%","4.4%","5.4%","52,292","75,262","","(X)","(X)","30.2%"
"        Margin of Error","±5,765","±0.9","±1.0","±1.2","±1.2","±1.6","±1.6","±1.2","±1.1","±0.7","±0.8","±1,703","±3,536","","(X)","(X)","(X)"
"New Jersey","","","","","","","","","","","","","","","","",""
"    Households","","","","","","","","","","","","","","","","",""
"        Estimate","3,516,978","4.4%","2.9%","5.0%","5.9%","7.9%","13.7%","11.6%","18.1%","11.5%","18.9%","96,346","134,191","","39.5%","(X)","(X)"
"        Margin of Error","±9,044","±0.2","±0.2","±0.2","±0.2","±0.3","±0.4","±0.3","±0.4","±0.3","±0.4","±1,114","±1,358","","(X)","(X)","(X)"
"    Families","","","","","","","","","","","","","","","","",""
"        Estimate","2,378,459","2.2%","1.4%","3.4%","4.2%","6.8%","12.4%","11.5%","20.0%","13.8%","24.3%","117,988","157,601","","(X)","41.6%","(X)"
"        Margin of Error","±15,865","±0.2","±0.1","±0.3","±0.3","±0.4","±0.4","±0.4","±0.4","±0.4","±0.5","±1,589","±1,686","","(X)","(X)","(X)"
"    Married-couple families","","","","","","","","","","","","","","","","",""
"        Estimate","1,753,523","1.2%","0.7%","1.9%","2.6%","4.9%","10.5%","10.7%","20.9%","16.1%","30.5%","140,500","181,939","","(X)","(X)","(X)"
"        Margin of Error","±16,037","±0.1","±0.1","±0.2","±0.2","±0.3","±0.4","±0.4","±0.6","±0.5","±0.6","±1,507","±1,938","","(X)","(X)","(X)"
"    Nonfamily households","","","","","","","","","","","","","","","","",""
"        Estimate","1,138,519","9.7%","6.4%","8.7%","10.2%","11.2%","17.2%","11.6%","13.1%","5.9%","6.2%","54,589","78,512","","(X)","(X)","33.4%"
"        Margin of Error","±15,495","±0.5","±0.5","±0.5","±0.5","±0.5","±0.6","±0.6","±0.6","±0.4","±0.4","±1,202","±1,893","","(X)","(X)","(X)"
"New Mexico","","","","","","","","","","","","","","","","",""
"    Households","","","","","","","","","","","","","","","","",""
"        Estimate","848,218","7.4%","4.9%","9.5%","9.2%","12.1%","16.3%","12.5%","15.6%","6.4%","6.3%","59,726","82,382","","36.7%","(X)","(X)"
"        Margin of Error","±4,975","±0.6","±0.4","±0.6","±0.6","±0.6","±0.8","±0.6","±0.7","±0.4","±0.4","±1,306","±1,541","","(X)","(X)","(X)"
"    Families","","","","","","","","","","","","","","","","",""
"        Estimate","516,464","4.5%","2.6%","6.5%","7.9%","12.0%","17.0%","14.1%","18.6%","8.5%","8.3%","74,341","97,014","","(X)","39.5%","(X)"
"        Margin of Error","±8,138","±0.5","±0.4","±0.7","±0.8","±0.9","±1.1","±1.0","±1.0","±0.7","±0.6","±1,775","±1,806","","(X)","(X)","(X)"
"    Married-couple families","","","","","","","","","","","","","","","","",""
"        Estimate","344,144","1.8%","1.4%","4.7%","5.5%","10.2%","15.2%","15.5%","22.7%","11.5%","11.5%","92,049","116,046","","(X)","(X)","(X)"
"        Margin of Error","±7,331","±0.4","±0.3","±0.7","±0.7","±1.0","±1.1","±1.3","±1.3","±1.0","±0.8","±2,669","±2,437","","(X)","(X)","(X)"
"    Nonfamily households","","","","","","","","","","","","","","","","",""
"        Estimate","331,754","13.0%","8.9%","14.5%","11.9%","13.0%","15.3%","8.7%","9.9%","2.3%","2.6%","36,532","55,207","","(X)","(X)","30.7%"
"        Margin of Error","±8,427","±1.2","±0.9","±1.1","±1.0","±1.0","±1.2","±0.9","±1.0","±0.5","±0.4","±1,339","±2,176","","(X)","(X)","(X)"
"New York","","","","","","","","","","","","","","","","",""
"    Households","","","","","","","","","","","","","","","","",""
"        Estimate","7,774,308","6.8%","4.1%","6.7%","6.5%","9.3%","14.3%","11.6%","16.4%","9.4%","15.0%","79,557","119,130","","43.3%","(X)","(X)"
"        Margin of Error","±19,481","±0.2","±0.2","±0.2","±0.2","±0.2","±0.2","±0.3","±0.2","±0.2","±0.2","±722","±887","","(X)","(X)","(X)"
"    Families","","","","","","","","","","","","","","","","",""
"        Estimate","4,738,232","4.2%","2.2%","4.7%","5.2%","8.2%","13.6%","12.3%","19.0%","11.6%","18.9%","99,066","141,334","","(X)","46.8%","(X)"
"        Margin of Error","±25,470","±0.2","±0.1","±0.2","±0.2","±0.2","±0.3","±0.3","±0.3","±0.2","±0.3","±815","±1,238","","(X)","(X)","(X)"
"    Married-couple families","","","","","","","","","","","","","","","","",""
"        Estimate","3,288,930","1.6%","1.1%","3.1%","3.7%","6.5%","11.9%","12.2%","21.1%","14.1%","24.6%","121,320","168,776","","(X)","(X)","(X)"
"        Margin of Error","±25,343","±0.1","±0.1","±0.2","±0.2","±0.2","±0.3","±0.3","±0.4","±0.3","±0.4","±940","±1,838","","(X)","(X)","(X)"
"    Nonfamily households","","","","","","","","","","","","","","","","",""
"        Estimate","3,036,076","11.6%","7.5%","10.3%","8.9%","11.5%","15.7%","10.5%","11.4%","5.1%","7.5%","50,181","78,600","","(X)","(X)","36.4%"
"        Margin of Error","±25,008","±0.3","±0.3","±0.3","±0.3","±0.3","±0.4","±0.4","±0.4","±0.2","±0.3","±780","±1,257","","(X)","(X)","(X)"
"North Carolina","","","","","","","","","","","","","","","","",""
"    Households","","","","","","","","","","","","","","","","",""
"        Estimate","4,299,266","5.4%","4.0%","7.4%","8.1%","12.1%","17.7%","13.0%","16.0%","7.4%","8.7%","67,481","94,353","","36.8%","(X)","(X)"
"        Margin of Error","±15,150","±0.2","±0.2","±0.2","±0.2","±0.3","±0.3","±0.3","±0.4","±0.2","±0.2","±623","±843","","(X)","(X)","(X)"
"    Families","","","","","","","","","","","","","","","","",""
"        Estimate","2,785,497","3.4%","2.1%","4.7%","6.3%","10.6%","17.5%","14.7%","19.3%","9.6%","11.8%","83,448","112,123","","(X)","38.5%","(X)"
"        Margin of Error","±19,389","±0.2","±0.2","±0.2","±0.3","±0.3","±0.4","±0.3","±0.5","±0.4","±0.3","±914","±1,205","","(X)","(X)","(X)"
"    Married-couple families","","","","","","","","","","","","","","","","",""
"        Estimate","2,057,368","1.5%","0.9%","2.8%","4.2%","8.4%","16.5%","15.8%","22.9%","11.9%","15.1%","99,793","130,320","","(X)","(X)","(X)"
"        Margin of Error","±19,109","±0.2","±0.1","±0.2","±0.2","±0.3","±0.5","±0.4","±0.6","±0.4","±0.4","±1,160","±1,470","","(X)","(X)","(X)"
"    Nonfamily households","","","","","","","","","","","","","","","","",""
"        Estimate","1,513,769","9.9%","7.9%","13.0%","12.1%","15.3%","18.2%","9.1%","8.9%","2.9%","2.6%","41,534","58,122","","(X)","(X)","32.6%"
"        Margin of Error","±18,054","±0.4","±0.3","±0.5","±0.4","±0.5","±0.5","±0.4","±0.4","±0.3","±0.2","±469","±969","","(X)","(X)","(X)"
"North Dakota","","","","","","","","","","","","","","","","",""
"    Households","","","","","","","","","","","","","","","","",""
"        Estimate","331,481","5.0%","4.0%","6.6%","6.7%","11.8%","17.6%","14.1%","17.8%","8.0%","8.3%","71,970","97,699","","34.6%","(X)","(X)"
"        Margin of Error","±3,670","±0.7","±0.7","±0.7","±0.7","±1.0","±1.2","±1.0","±1.1","±0.8","±0.8","±2,072","±2,859","","(X)","(X)","(X)"
"    Families","","","","","","","","","","","","","","","","",""
"        Estimate","193,761","2.2%","1.6%","2.7%","4.5%","8.5%","16.7%","15.4%","24.1%","11.9%","12.4%","97,853","125,399","","(X)","36.7%","(X)"
"        Margin of Error","±4,911","±0.6","±0.4","±0.6","±0.8","±1.0","±1.6","±1.3","±1.6","±1.2","±1.2","±2,741","±4,783","","(X)","(X)","(X)"
"    Married-couple families","","","","","","","","","","","","","","","","",""
"        Estimate","156,026","1.0%","0.5%","1.7%","3.4%","6.5%","14.8%","16.2%","27.8%","14.0%","14.3%","108,453","138,061","","(X)","(X)","(X)"
"        Margin of Error","±4,883","±0.3","±0.2","±0.4","±0.8","±0.9","±1.6","±1.3","±1.8","±1.5","±1.4","±2,945","±5,588","","(X)","(X)","(X)"
"    Nonfamily households","","","","","","","","","","","","","","","","",""
"        Estimate","137,720","9.5%","7.8%","12.2%","10.3%","17.8%","19.1%","11.4%","7.5%","2.2%","2.1%","43,372","55,371","","(X)","(X)","30.9%"
"        Margin of Error","±4,642","±1.5","±1.4","±1.5","±1.4","±1.9","±1.9","±1.6","±1.1","±0.7","±0.8","±1,791","±2,771","","(X)","(X)","(X)"
"Ohio","","","","","","","","","","","","","","","","",""
"    Households","","","","","","","","","","","","","","","","",""
"        Estimate","4,878,206","5.9%","4.4%","7.5%","8.2%","12.0%","17.8%","13.2%","16.0%","7.4%","7.7%","65,720","90,109","","34.1%","(X)","(X)"
"        Margin of Error","±13,413","±0.2","±0.2","±0.2","±0.3","±0.2","±0.3","±0.3","±0.3","±0.2","±0.2","±618","±655","","(X)","(X)","(X)"
"    Families","","","","","","","","","","","","","","","","",""
"        Estimate","2,983,145","3.6%","2.0%","4.4%","5.8%","10.0%","17.3%","15.1%","20.7%","10.4%","10.9%","86,001","110,719","","(X)","35.5%","(X)"
"        Margin of Error","±20,221","±0.2","±0.1","±0.2","±0.3","±0.3","±0.4","±0.4","±0.4","±0.3","±0.3","±795","±941","","(X)","(X)","(X)"
"    Married-couple families","","","","","","","","","","","","","","","","",""
"        Estimate","2,173,755","1.2%","0.8%","2.4%","3.8%","7.4%","16.1%","16.3%","24.7%","13.1%","14.3%","103,290","129,527","","(X)","(X)","(X)"
"        Margin of Error","±19,532","±0.1","±0.1","±0.2","±0.2","±0.3","±0.5","±0.4","±0.5","±0.4","±0.3","±866","±1,126","","(X)","(X)","(X)"
"    Nonfamily households","","","","","","","","","","","","","","","","",""
"        Estimate","1,895,061","10.4%","8.3%","12.8%","12.6%","16.1%","18.1%","9.5%","7.8%","2.2%","2.1%","40,164","54,221","","(X)","(X)","30.7%"
"        Margin of Error","±22,586","±0.5","±0.4","±0.4","±0.4","±0.4","±0.5","±0.4","±0.4","±0.2","±0.2","±580","±783","","(X)","(X)","(X)"
"Oklahoma","","","","","","","","","","","","","","","","",""
"    Households","","","","","","","","","","","","","","","","",""
"        Estimate","1,573,180","6.4%","4.6%","9.2%","8.8%","13.2%","18.1%","12.4%","14.8%","6.3%","6.2%","59,673","82,741","","38.1%","(X)","(X)"
"        Margin of Error","±5,742","±0.3","±0.3","±0.3","±0.3","±0.3","±0.4","±0.4","±0.4","±0.3","±0.3","±689","±894","","(X)","(X)","(X)"
"    Families","","","","","","","","","","","","","","","","",""
"        Estimate","1,017,586","4.2%","2.4%","5.8%","6.8%","12.0%","18.5%","14.6%","18.7%","8.4%","8.5%","75,476","98,937","","(X)","39.4%","(X)"
"        Margin of Error","±8,941","±0.3","±0.2","±0.3","±0.4","±0.4","±0.5","±0.5","±0.6","±0.4","±0.4","±1,109","±1,378","","(X)","(X)","(X)"
"    Married-couple families","","","","","","","","","","","","","","","","",""
"        Estimate","746,847","1.7%","1.4%","3.6%","4.7%","9.6%","18.2%","16.6%","22.7%","10.7%","10.8%","90,595","114,545","","(X)","(X)","(X)"
"        Margin of Error","±7,970","±0.2","±0.2","±0.3","±0.3","±0.5","±0.6","±0.7","±0.7","±0.5","±0.4","±1,253","±1,704","","(X)","(X)","(X)"
"    Nonfamily households","","","","","","","","","","","","","","","","",""
"        Estimate","555,594","11.7%","9.2%","16.0%","12.6%","16.2%","16.9%","7.2%","6.7%","1.8%","1.6%","35,419","49,318","","(X)","(X)","34.1%"
"        Margin of Error","±8,237","±0.6","±0.6","±0.8","±0.7","±0.7","±0.9","±0.5","±0.6","±0.2","±0.2","±842","±1,225","","(X)","(X)","(X)"
"Oregon","","","","","","","","","","","","","","","","",""
"    Households","","","","","","","","","","","","","","","","",""
"        Estimate","1,726,340","5.1%","3.4%","6.9%","6.7%","10.9%","16.6%","13.3%","17.9%","8.6%","10.6%","75,657","102,923","","31.7%","(X)","(X)"
"        Margin of Error","±6,662","±0.3","±0.3","±0.3","±0.4","±0.4","±0.5","±0.5","±0.5","±0.3","±0.4","±1,181","±1,395","","(X)","(X)","(X)"
"    Families","","","","","","","","","","","","","","","","",""
"        Estimate","1,041,083","3.1%","1.5%","3.8%","5.0%","9.5%","16.0%","14.3%","21.2%","11.3%","14.4%","93,384","123,364","","(X)","32.7%","(X)"
"        Margin of Error","±10,346","±0.3","±0.2","±0.3","±0.4","±0.6","±0.6","±0.6","±0.7","±0.5","±0.5","±1,850","±2,103","","(X)","(X)","(X)"
"    Married-couple families","","","","","","","","","","","","","","","","",""
"        Estimate","788,221","1.4%","0.7%","2.3%","3.5%","7.4%","14.9%","14.9%","23.7%","13.3%","17.9%","108,201","140,570","","(X)","(X)","(X)"
"        Margin of Error","±10,754","±0.3","±0.2","±0.3","±0.4","±0.5","±0.7","±0.7","±0.7","±0.6","±0.7","±1,427","±2,488","","(X)","(X)","(X)"
"    Nonfamily households","","","","","","","","","","","","","","","","",""
"        Estimate","685,257","9.0%","6.7%","12.1%","9.6%","14.0%","17.9%","11.1%","11.7%","3.9%","4.0%","48,114","66,755","","(X)","(X)","28.7%"
"        Margin of Error","±9,930","±0.6","±0.6","±0.7","±0.6","±0.7","±0.8","±0.6","±0.7","±0.4","±0.4","±1,595","±1,634","","(X)","(X)","(X)"
"Pennsylvania","","","","","","","","","","","","","","","","",""
"    Households","","","","","","","","","","","","","","","","",""
"        Estimate","5,294,065","5.5%","3.7%","7.3%","7.7%","10.8%","16.9%","12.6%","16.8%","8.3%","10.3%","71,798","100,015","","37.2%","(X)","(X)"
"        Margin of Error","±14,260","±0.2","±0.1","±0.2","±0.2","±0.3","±0.3","±0.3","±0.2","±0.2","±0.2","±557","±778","","(X)","(X)","(X)"
"    Families","","","","","","","","","","","","","","","","",""
"        Estimate","3,294,814","3.1%","1.7%","4.2%","5.4%","9.2%","16.1%","14.0%","20.9%","11.2%","14.3%","93,029","121,871","","(X)","39.1%","(X)"
"        Margin of Error","±21,729","±0.2","±0.1","±0.2","±0.2","±0.3","±0.4","±0.3","±0.4","±0.2","±0.3","±901","±989","","(X)","(X)","(X)"
"    Married-couple families","","","","","","","","","","","","","","","","",""
"        Estimate","2,462,324","1.3%","0.8%","2.4%","3.7%","7.1%","14.6%","14.5%","24.0%","13.6%","18.0%","109,173","140,307","","(X)","(X)","(X)"
"        Margin of Error","±19,809","±0.1","±0.1","±0.2","±0.2","±0.3","±0.4","±0.4","±0.4","±0.3","±0.4","±930","±1,198","","(X)","(X)","(X)"
"    Nonfamily households","","","","","","","","","","","","","","","","",""
"        Estimate","1,999,251","10.3%","7.4%","12.9%","11.8%","14.2%","18.1%","10.0%","9.0%","3.1%","3.2%","42,203","60,489","","(X)","(X)","32.9%"
"        Margin of Error","±19,753","±0.4","±0.4","±0.4","±0.4","±0.4","±0.5","±0.4","±0.4","±0.2","±0.2","±636","±1,072","","(X)","(X)","(X)"
"Rhode Island","","","","","","","","","","","","","","","","",""
"    Households","","","","","","","","","","","","","","","","",""
"        Estimate","446,688","5.4%","4.3%","6.2%","6.0%","8.4%","15.5%","13.1%","19.0%","10.1%","11.9%","81,854","108,023","","40.8%","(X)","(X)"
"        Margin of Error","±3,663","±0.7","±0.7","±0.7","±0.6","±0.7","±1.3","±1.0","±1.2","±0.8","±0.8","±2,182","±3,563","","(X)","(X)","(X)"
"    Families","","","","","","","","","","","","","","","","",""
"        Estimate","266,935","3.0%","1.7%","2.9%","4.4%","6.2%","15.2%","13.6%","22.7%","13.8%","16.6%","105,989","133,207","","(X)","42.8%","(X)"
"        Margin of Error","±5,950","±0.8","±0.5","±0.6","±0.9","±0.9","±1.7","±1.5","±1.6","±1.2","±1.2","±3,402","±5,318","","(X)","(X)","(X)"
"    Married-couple families","","","","","","","","","","","","","","","","",""
"        Estimate","188,207","1.4%","0.8%","1.9%","2.2%","4.3%","12.3%","13.6%","24.3%","17.2%","22.0%","126,702","153,078","","(X)","(X)","(X)"
"        Margin of Error","±5,587","±0.5","±0.4","±0.6","±0.6","±0.8","±1.6","±1.7","±1.9","±1.5","±1.6","±3,624","±4,625","","(X)","(X)","(X)"
"    Nonfamily households","","","","","","","","","","","","","","","","",""
"        Estimate","179,753","9.7%","8.6%","11.6%","8.5%","12.9%","16.9%","12.5%","11.5%","4.0%","3.8%","48,459","65,595","","(X)","(X)","36.3%"
"        Margin of Error","±6,366","±1.5","±1.6","±1.5","±1.4","±1.4","±2.1","±1.3","±1.5","±1.0","±0.8","±3,033","±3,112","","(X)","(X)","(X)"
"South Carolina","","","","","","","","","","","","","","","","",""
"    Households","","","","","","","","","","","","","","","","",""
"        Estimate","2,136,080","6.1%","4.2%","7.8%","8.8%","12.6%","17.4%","13.5%","15.6%","6.6%","7.5%","64,115","88,704","","39.4%","(X)","(X)"
"        Margin of Error","±11,784","±0.3","±0.3","±0.3","±0.4","±0.4","±0.4","±0.4","±0.5","±0.3","±0.3","±699","±1,191","","(X)","(X)","(X)"
"    Families","","","","","","","","","","","","","","","","",""
"        Estimate","1,398,412","3.7%","2.2%","5.3%","7.0%","11.2%","17.0%","15.4%","19.5%","8.8%","10.1%","79,886","105,495","","(X)","40.6%","(X)"
"        Margin of Error","±15,620","±0.4","±0.3","±0.3","±0.4","±0.5","±0.6","±0.6","±0.6","±0.4","±0.5","±1,144","±1,515","","(X)","(X)","(X)"
"    Married-couple families","","","","","","","","","","","","","","","","",""
"        Estimate","1,018,293","1.4%","1.0%","3.1%","4.9%","8.7%","16.6%","16.6%","23.5%","11.1%","13.1%","96,419","123,598","","(X)","(X)","(X)"
"        Margin of Error","±15,568","±0.2","±0.2","±0.3","±0.4","±0.5","±0.7","±0.7","±0.7","±0.6","±0.6","±1,546","±2,139","","(X)","(X)","(X)"
"    Nonfamily households","","","","","","","","","","","","","","","","",""
"        Estimate","737,668","11.7%","8.5%","13.1%","12.5%","15.6%","17.7%","9.2%","7.3%","2.1%","2.3%","38,426","53,647","","(X)","(X)","36.2%"
"        Margin of Error","±13,941","±0.8","±0.6","±0.7","±0.7","±0.9","±0.8","±0.6","±0.5","±0.3","±0.3","±805","±1,611","","(X)","(X)","(X)"
"South Dakota","","","","","","","","","","","","","","","","",""
"    Households","","","","","","","","","","","","","","","","",""
"        Estimate","368,300","5.0%","3.8%","7.3%","7.5%","11.5%","18.4%","14.3%","18.2%","7.1%","6.9%","69,728","90,806","","32.8%","(X)","(X)"
"        Margin of Error","±3,163","±0.6","±0.4","±0.7","±0.7","±0.9","±1.1","±0.8","±1.0","±0.8","±0.6","±2,128","±2,578","","(X)","(X)","(X)"
"    Families","","","","","","","","","","","","","","","","",""
"        Estimate","224,853","2.8%","1.4%","4.3%","4.6%","8.8%","17.9%","16.8%","23.9%","10.0%","9.5%","89,573","110,227","","(X)","33.3%","(X)"
"        Margin of Error","±4,463","±0.5","±0.4","±0.7","±0.8","±0.9","±1.3","±1.1","±1.4","±1.1","±0.8","±2,352","±3,274","","(X)","(X)","(X)"
"    Married-couple families","","","","","","","","","","","","","","","","",""
"        Estimate","177,786","1.0%","0.9%","2.7%","3.0%","6.8%","16.0%","18.2%","27.9%","12.1%","11.5%","101,659","123,656","","(X)","(X)","(X)"
"        Margin of Error","±4,467","±0.4","±0.3","±0.6","±0.7","±0.8","±1.4","±1.3","±1.6","±1.4","±1.0","±2,047","±3,725","","(X)","(X)","(X)"
"    Nonfamily households","","","","","","","","","","","","","","","","",""
"        Estimate","143,447","9.0%","7.8%","12.5%","12.7%","16.8%","19.6%","9.0%","7.9%","2.1%","2.6%","42,028","57,250","","(X)","(X)","31.0%"
"        Margin of Error","±4,427","±1.3","±1.1","±1.4","±1.5","±1.7","±1.8","±1.1","±1.2","±0.8","±0.8","±1,473","±3,600","","(X)","(X)","(X)"
"Tennessee","","","","","","","","","","","","","","","","",""
"    Households","","","","","","","","","","","","","","","","",""
"        Estimate","2,846,684","5.4%","4.3%","7.8%","8.2%","12.6%","18.0%","13.3%","15.7%","7.2%","7.5%","65,254","89,799","","38.5%","(X)","(X)"
"        Margin of Error","±11,934","±0.3","±0.2","±0.3","±0.3","±0.4","±0.4","±0.4","±0.4","±0.3","±0.3","±848","±893","","(X)","(X)","(X)"
"    Families","","","","","","","","","","","","","","","","",""
"        Estimate","1,846,572","3.9%","2.0%","4.8%","6.3%","11.2%","17.9%","15.1%","19.5%","9.3%","10.0%","80,910","105,555","","(X)","39.9%","(X)"
"        Margin of Error","±15,493","±0.3","±0.2","±0.3","±0.4","±0.4","±0.5","±0.5","±0.5","±0.4","±0.4","±768","±1,056","","(X)","(X)","(X)"
"    Married-couple families","","","","","","","","","","","","","","","","",""
"        Estimate","1,342,153","1.5%","1.0%","2.8%","4.3%","9.0%","17.2%","16.3%","23.3%","11.7%","12.8%","96,141","123,035","","(X)","(X)","(X)"
"        Margin of Error","±16,381","±0.2","±0.1","±0.3","±0.3","±0.4","±0.6","±0.5","±0.6","±0.6","±0.5","±1,240","±1,405","","(X)","(X)","(X)"
"    Nonfamily households","","","","","","","","","","","","","","","","",""
"        Estimate","1,000,112","9.4%","8.9%","13.7%","12.3%","15.6%","18.1%","9.4%","7.5%","2.6%","2.6%","40,285","56,860","","(X)","(X)","34.2%"
"        Margin of Error","±16,201","±0.6","±0.5","±0.6","±0.6","±0.7","±0.7","±0.6","±0.5","±0.3","±0.3","±651","±1,331","","(X)","(X)","(X)"
"Texas","","","","","","","","","","","","","","","","",""
"    Households","","","","","","","","","","","","","","","","",""
"        Estimate","11,087,708","5.5%","3.6%","6.6%","7.8%","11.0%","17.1%","12.8%","16.2%","8.7%","10.7%","72,284","101,738","","37.8%","(X)","(X)"
"        Margin of Error","±20,293","±0.1","±0.1","±0.2","±0.2","±0.2","±0.2","±0.2","±0.2","±0.2","±0.2","±443","±589","","(X)","(X)","(X)"
"    Families","","","","","","","","","","","","","","","","",""
"        Estimate","7,483,376","4.0%","2.1%","4.8%","6.6%","9.8%","16.1%","13.6%","18.7%","10.7%","13.5%","86,267","117,182","","(X)","40.6%","(X)"
"        Margin of Error","±34,294","±0.1","±0.1","±0.2","±0.2","±0.2","±0.3","±0.3","±0.3","±0.2","±0.2","±749","±878","","(X)","(X)","(X)"
"    Married-couple families","","","","","","","","","","","","","","","","",""
"        Estimate","5,401,546","1.7%","1.1%","2.9%","4.6%","7.7%","14.9%","14.2%","21.7%","13.5%","17.6%","105,245","137,489","","(X)","(X)","(X)"
"        Margin of Error","±28,187","±0.1","±0.1","±0.2","±0.2","±0.2","±0.3","±0.3","±0.3","±0.3","±0.3","±833","±1,094","","(X)","(X)","(X)"
"    Nonfamily households","","","","","","","","","","","","","","","","",""
"        Estimate","3,604,332","10.4%","7.1%","10.9%","10.9%","14.0%","18.8%","10.3%","9.9%","3.7%","4.0%","45,999","64,874","","(X)","(X)","30.6%"
"        Margin of Error","±30,353","±0.3","±0.3","±0.3","±0.3","±0.4","±0.5","±0.4","±0.4","±0.2","±0.2","±586","±806","","(X)","(X)","(X)"
"Utah","","","","","","","","","","","","","","","","",""
"    Households","","","","","","","","","","","","","","","","",""
"        Estimate","1,129,660","3.0%","2.4%","4.1%","5.9%","9.1%","17.0%","14.4%","21.0%","11.2%","11.9%","89,168","114,044","","34.2%","(X)","(X)"
"        Margin of Error","±5,750","±0.3","±0.3","±0.3","±0.4","±0.5","±0.6","±0.5","±0.6","±0.5","±0.5","±1,807","±1,634","","(X)","(X)","(X)"
"    Families","","","","","","","","","","","","","","","","",""
"        Estimate","830,599","2.0%","1.3%","2.5%","4.0%","7.5%","16.3%","15.0%","24.2%","13.1%","14.1%","102,177","127,229","","(X)","33.7%","(X)"
"        Margin of Error","±8,372","±0.3","±0.2","±0.3","±0.4","±0.5","±0.7","±0.6","±0.7","±0.6","±0.5","±1,231","±1,894","","(X)","(X)","(X)"
"    Married-couple families","","","","","","","","","","","","","","","","",""
"        Estimate","672,316","1.0%","1.0%","2.0%","2.9%","6.2%","14.4%","15.2%","26.1%","14.7%","16.4%","111,564","138,068","","(X)","(X)","(X)"
"        Margin of Error","±8,906","±0.2","±0.2","±0.3","±0.3","±0.5","±0.7","±0.7","±0.8","±0.7","±0.7","±1,748","±2,270","","(X)","(X)","(X)"
"    Nonfamily households","","","","","","","","","","","","","","","","",""
"        Estimate","299,061","7.0%","5.9%","9.0%","11.7%","14.7%","20.2%","12.4%","10.4%","4.8%","3.9%","51,496","69,275","","(X)","(X)","32.3%"
"        Margin of Error","±7,544","±0.9","±0.8","±0.7","±1.0","±1.2","±1.6","±1.0","±0.9","±0.9","±0.6","±1,620","±2,365","","(X)","(X)","(X)"
"Vermont","","","","","","","","","","","","","","","","",""
"    Households","","","","","","","","","","","","","","","","",""
"        Estimate","277,090","4.0%","3.8%","6.7%","8.1%","11.0%","17.1%","13.8%","17.1%","9.9%","8.5%","73,991","97,261","","32.5%","(X)","(X)"
"        Margin of Error","±3,178","±0.5","±0.6","±0.8","±0.8","±1.0","±1.0","±1.0","±1.1","±0.9","±0.7","±2,209","±2,233","","(X)","(X)","(X)"
"    Families","","","","","","","","","","","","","","","","",""
"        Estimate","164,496","2.0%","1.5%","4.0%","5.5%","8.6%","15.1%","15.7%","22.3%","13.2%","12.0%","96,345","117,603","","(X)","32.6%","(X)"
"        Margin of Error","±4,186","±0.4","±0.5","±0.8","±0.8","±1.0","±1.1","±1.5","±1.6","±1.3","±1.2","±2,288","±3,128","","(X)","(X)","(X)"
"    Married-couple families","","","","","","","","","","","","","","","","",""
"        Estimate","131,234","0.8%","0.7%","1.9%","4.4%","7.2%","13.5%","16.2%","25.1%","15.8%","14.3%","108,671","130,659","","(X)","(X)","(X)"
"        Margin of Error","±4,039","±0.3","±0.4","±0.5","±0.9","±0.9","±1.1","±1.7","±1.9","±1.6","±1.3","±3,764","±3,216","","(X)","(X)","(X)"
"    Nonfamily households","","","","","","","","","","","","","","","","",""
"        Estimate","112,594","7.2%","7.3%","12.3%","12.8%","14.4%","19.4%","10.7%","8.8%","4.3%","2.8%","46,022","63,143","","(X)","(X)","31.0%"
"        Margin of Error","±4,613","±1.2","±1.4","±1.7","±1.5","±1.8","±1.7","±1.5","±1.3","±1.1","±0.7","±1,963","±2,776","","(X)","(X)","(X)"
"Virginia","","","","","","","","","","","","","","","","",""
"    Households","","","","","","","","","","","","","","","","",""
"        Estimate","3,380,607","4.9%","3.2%","5.8%","6.1%","9.3%","14.9%","12.2%","18.1%","10.3%","15.4%","85,873","119,058","","37.2%","(X)","(X)"
"        Margin of Error","±12,353","±0.2","±0.2","±0.2","±0.2","±0.3","±0.4","±0.3","±0.3","±0.3","±0.3","±763","±1,107","","(X)","(X)","(X)"
"    Families","","","","","","","","","","","","","","","","",""
"        Estimate","2,191,916","2.8%","1.6%","3.7%","4.4%","7.8%","13.8%","12.6%","20.4%","12.7%","20.3%","107,101","141,078","","(X)","39.2%","(X)"
"        Margin of Error","±15,569","±0.2","±0.2","±0.2","±0.2","±0.3","±0.4","±0.4","±0.4","±0.4","±0.4","±1,183","±1,529","","(X)","(X)","(X)"
"    Married-couple families","","","","","","","","","","","","","","","","",""
"        Estimate","1,642,002","1.0%","0.8%","2.0%","2.9%","5.5%","11.9%","12.7%","22.6%","15.1%","25.5%","126,808","163,178","","(X)","(X)","(X)"
"        Margin of Error","±15,837","±0.1","±0.1","±0.2","±0.2","±0.3","±0.4","±0.4","±0.5","±0.5","±0.5","±1,265","±1,873","","(X)","(X)","(X)"
"    Nonfamily households","","","","","","","","","","","","","","","","",""
"        Estimate","1,188,691","9.5%","6.4%","10.2%","9.5%","12.9%","17.3%","10.9%","12.7%","5.4%","5.1%","51,436","73,302","","(X)","(X)","32.4%"
"        Margin of Error","±14,344","±0.5","±0.4","±0.5","±0.5","±0.5","±0.7","±0.5","±0.5","±0.3","±0.3","±772","±1,440","","(X)","(X)","(X)"
"Washington","","","","","","","","","","","","","","","","",""
"    Households","","","","","","","","","","","","","","","","",""
"        Estimate","3,079,953","4.5%","2.8%","4.9%","5.4%","8.8%","14.7%","13.1%","18.9%","10.5%","16.2%","91,306","125,847","","33.3%","(X)","(X)"
"        Margin of Error","±10,236","±0.2","±0.2","±0.2","±0.2","±0.3","±0.4","±0.3","±0.4","±0.3","±0.3","±841","±1,146","","(X)","(X)","(X)"
"    Families","","","","","","","","","","","","","","","","",""
"        Estimate","1,935,445","2.9%","1.3%","2.8%","3.6%","7.2%","13.4%","13.8%","21.7%","13.0%","20.4%","109,192","146,344","","(X)","34.9%","(X)"
"        Margin of Error","±12,852","±0.3","±0.1","±0.2","±0.2","±0.3","±0.4","±0.4","±0.5","±0.5","±0.4","±1,400","±1,629","","(X)","(X)","(X)"
"    Married-couple families","","","","","","","","","","","","","","","","",""
"        Estimate","1,499,199","1.5%","0.6%","1.7%","2.5%","5.5%","12.0%","13.5%","23.3%","14.8%","24.6%","124,257","165,028","","(X)","(X)","(X)"
"        Margin of Error","±14,808","±0.2","±0.1","±0.2","±0.2","±0.3","±0.4","±0.5","±0.6","±0.5","±0.5","±1,347","±1,915","","(X)","(X)","(X)"
"    Nonfamily households","","","","","","","","","","","","","","","","",""
"        Estimate","1,144,508","8.2%","5.7%","8.8%","8.9%","12.2%","17.6%","11.7%","13.5%","5.7%","7.7%","57,299","84,851","","(X)","(X)","29.1%"
"        Margin of Error","±13,192","±0.5","±0.4","±0.4","±0.5","±0.5","±0.7","±0.5","±0.6","±0.4","±0.5","±1,187","±1,987","","(X)","(X)","(X)"
"West Virginia","","","","","","","","","","","","","","","","",""
"    Households","","","","","","","","","","","","","","","","",""
"        Estimate","736,341","7.1%","6.3%","10.5%","9.9%","12.5%","17.4%","12.2%","14.2%","5.1%","4.8%","54,329","75,265","","34.2%","(X)","(X)"
"        Margin of Error","±6,960","±0.5","±0.5","±0.6","±0.7","±0.6","±0.8","±0.6","±0.7","±0.4","±0.4","±1,336","±1,781","","(X)","(X)","(X)"
"    Families","","","","","","","","","","","","","","","","",""
"        Estimate","463,064","4.7%","3.2%","6.9%","8.0%","11.7%","18.9%","14.7%","18.4%","7.1%","6.4%","70,318","89,306","","(X)","36.4%","(X)"
"        Margin of Error","±6,797","±0.5","±0.5","±0.6","±0.8","±0.8","±1.0","±0.9","±1.0","±0.6","±0.6","±1,688","±2,271","","(X)","(X)","(X)"
"    Married-couple families","","","","","","","","","","","","","","","","",""
"        Estimate","338,510","1.7%","1.9%","4.7%","5.9%","10.7%","18.9%","16.7%","22.5%","9.0%","8.0%","83,915","102,844","","(X)","(X)","(X)"
"        Margin of Error","±6,745","±0.3","±0.5","±0.6","±0.7","±0.9","±1.1","±1.0","±1.3","±0.8","±0.8","±1,768","±2,742","","(X)","(X)","(X)"
"    Nonfamily households","","","","","","","","","","","","","","","","",""
"        Estimate","273,277","12.5%","12.1%","17.1%","14.0%","13.7%","14.3%","7.3%","5.9%","1.3%","1.9%","31,082","48,384","","(X)","(X)","29.3%"
"        Margin of Error","±7,207","±1.0","±1.1","±1.2","±1.2","±1.1","±1.2","±0.8","±0.7","±0.4","±0.5","±879","±3,043","","(X)","(X)","(X)"
"Wisconsin","","","","","","","","","","","","","","","","",""
"    Households","","","","","","","","","","","","","","","","",""
"        Estimate","2,491,121","4.6%","3.5%","7.0%","7.4%","12.0%","18.1%","13.7%","18.1%","8.0%","7.6%","70,996","94,085","","32.1%","(X)","(X)"
"        Margin of Error","±7,766","±0.2","±0.2","±0.2","±0.3","±0.3","±0.3","±0.3","±0.3","±0.3","±0.2","±644","±862","","(X)","(X)","(X)"
"    Families","","","","","","","","","","","","","","","","",""
"        Estimate","1,511,105","2.6%","1.4%","3.6%","4.8%","9.3%","17.6%","15.6%","23.2%","11.3%","10.7%","91,700","114,906","","(X)","33.5%","(X)"
"        Margin of Error","±14,001","±0.2","±0.2","±0.2","±0.3","±0.4","±0.4","±0.4","±0.5","±0.4","±0.3","±825","±1,212","","(X)","(X)","(X)"
"    Married-couple families","","","","","","","","","","","","","","","","",""
"        Estimate","1,171,977","1.3%","0.7%","2.0%","3.0%","7.1%","16.1%","16.3%","26.6%","13.8%","13.1%","105,109","129,517","","(X)","(X)","(X)"
"        Margin of Error","±12,919","±0.2","±0.1","±0.2","±0.2","±0.3","±0.5","±0.5","±0.5","±0.5","±0.4","±945","±1,505","","(X)","(X)","(X)"
"    Nonfamily households","","","","","","","","","","","","","","","","",""
"        Estimate","980,016","8.4%","6.8%","12.9%","12.1%","16.7%","19.3%","10.4%","8.8%","2.1%","2.4%","42,812","57,892","","(X)","(X)","28.7%"
"        Margin of Error","±13,484","±0.5","±0.3","±0.5","±0.5","±0.6","±0.5","±0.5","±0.4","±0.2","±0.2","±841","±1,109","","(X)","(X)","(X)"
"Wyoming","","","","","","","","","","","","","","","","",""
"    Households","","","","","","","","","","","","","","","","",""
"        Estimate","243,321","5.2%","3.4%","7.5%","8.2%","11.3%","17.7%","13.8%","18.7%","7.6%","6.6%","70,042","90,018","","32.8%","(X)","(X)"
"        Margin of Error","±3,844","±0.9","±0.7","±0.9","±0.9","±1.1","±1.1","±1.1","±1.5","±1.0","±0.9","±2,867","±3,589","","(X)","(X)","(X)"
"    Families","","","","","","","","","","","","","","","","",""
"        Estimate","153,365","3.2%","1.4%","4.7%","5.6%","9.8%","18.1%","15.6%","23.3%","10.3%","8.2%","86,552","106,006","","(X)","34.3%","(X)"
"        Margin of Error","±4,835","±0.9","±0.5","±1.0","±0.8","±1.3","±1.5","±1.6","±1.8","±1.4","±1.2","±3,366","±5,306","","(X)","(X)","(X)"
"    Married-couple families","","","","","","","","","","","","","","","","",""
"        Estimate","119,329","1.8%","0.7%","3.1%","4.0%","7.5%","17.7%","16.0%","26.3%","13.0%","9.9%","98,789","117,273","","(X)","(X)","(X)"
"        Margin of Error","±4,949","±0.8","±0.3","±0.9","±0.8","±1.2","±1.6","±1.8","±2.2","±1.8","±1.6","±4,225","±5,525","","(X)","(X)","(X)"
"    Nonfamily households","","","","","","","","","","","","","","","","",""
"        Estimate","89,956","9.6%","6.9%","13.3%","12.7%","15.9%","17.5%","10.4%","8.2%","2.2%","3.3%","40,019","57,301","","(X)","(X)","28.8%"
"        Margin of Error","±4,423","±1.7","±1.4","±1.9","±1.8","±2.0","±2.0","±1.7","±1.9","±0.9","±1.2","±2,776","±3,886","","(X)","(X)","(X)"
"Puerto Rico","","","","","","","","","","","","","","","","",""
"    Households","","","","","","","","","","","","","","","","",""
"        Estimate","1,289,311","22.4%","10.8%","18.2%","12.5%","12.9%","10.8%","5.6%","3.9%","1.6%","1.5%","24,112","39,142","","35.5%","(X)","(X)"
"        Margin of Error","±9,077","±0.6","±0.5","±0.6","±0.5","±0.6","±0.4","±0.4","±0.3","±0.2","±0.2","±515","±949","","(X)","(X)","(X)"
"    Families","","","","","","","","","","","","","","","","",""
"        Estimate","820,788","16.7%","8.9%","18.1%","13.6%","14.3%","13.2%","6.7%","4.9%","1.9%","1.8%","29,544","45,243","","(X)","38.1%","(X)"
"        Margin of Error","±12,139","±0.8","±0.6","±0.8","±0.7","±0.8","±0.7","±0.5","±0.4","±0.3","±0.3","±757","±1,375","","(X)","(X)","(X)"
"    Married-couple families","","","","","","","","","","","","","","","","",""
"        Estimate","449,853","7.7%","7.4%","16.0%","13.4%","16.3%","16.5%","9.2%","7.2%","3.1%","3.1%","39,637","59,169","","(X)","(X)","(X)"
"        Margin of Error","±9,197","±0.7","±0.7","±0.9","±0.9","±1.3","±0.9","±0.8","±0.7","±0.5","±0.5","±1,117","±2,220","","(X)","(X)","(X)"
"    Nonfamily households","","","","","","","","","","","","","","","","",""
"        Estimate","468,523","35.1%","14.9%","19.8%","10.6%","8.7%","5.2%","2.6%","1.7%","0.8%","0.6%","15,006","24,694","","(X)","(X)","28.2%"
"        Margin of Error","±9,435","±1.2","±0.9","±0.9","±0.8","±0.7","±0.6","±0.4","±0.3","±0.3","±0.2","±414","±893","","(X)","(X)","(X)"